file,companyName,score
(유)앤서스랩코리아.json,(유)앤서스랩코리아,50.4
(의) 케이씨엘의료재.json,(의) 케이씨엘의료재,46.54
(재)KATRI시험연구원.json,(재)KATRI시험연구원,51.96
(재)네이버 커넥트.json,(재)네이버 커넥트,79.0
(재)서울문화재단.json,(재)서울문화재단,58.57
(재)전자통관국제협력재단.json,(재)전자통관국제협력재단,49.58
(재)천주교서울대교구.json,(재)천주교서울대교구,36.83
)대한감정평가법인.json,)대한감정평가법인,41.96
)종로아카데미.json,)종로아카데미,48.81
)파이온텍.json,)파이온텍,27.19
111퍼센트.json,111퍼센트,45.78
28청춘주야간보호센터.json,28청춘주야간보호센터,13.7
AJ 네트웍스.json,AJ 네트웍스,67.63
CJ ENM.json,CJ ENM,73.28
CJ제일제당.json,CJ제일제당,77.61
D&O.json,D&O,65.6
DB손해보험.json,DB손해보험,71.05
DB하이텍.json,DB하이텍,86.9
DSR.json,DSR,57.63
ES큐브.json,ES큐브,44.62
GC케어.json,GC케어,65.44
GfK리테일앤테크놀로지코리아리미티드.json,GfK리테일앤테크놀로지코리아리미티드,49.03
GS리테일.json,GS리테일,87.17
HC컴퍼니.json,HC컴퍼니,43.84
HDC아이서비스.json,HDC아이서비스,20.59
KB라이프생명보험.json,KB라이프생명보험,59.35
KB손해보험 대구TC.json,KB손해보험 대구TC,62.73
KB캐피탈.json,KB캐피탈,70.32
KCC.json,KCC,76.36
LF.json,LF,77.08
LG CNS.json,LG CNS,80.83
LG.json,LG,79.95
LG유플러스.json,LG유플러스,73.21
LG화학.json,LG화학,85.98
LX하우시스.json,LX하우시스,72.01
M캐피탈.json,M캐피탈,58.99
NAVER I&S.json,NAVER I&S,69.25
NHN벅스.json,NHN벅스,77.99
NHN여행박사.json,NHN여행박사,74.82
NH농협은행.json,NH농협은행,71.46
PUMA KOREA Ltd..json,PUMA KOREA Ltd.,52.91
SFA반도체.json,SFA반도체,63.15
SGA.json,SGA,44.04
SK C&C.json,SK C&C,74.07
SK가스.json,SK가스,69.55
SK네트웍스.json,SK네트웍스,68.02
SK네트웍스서비스.json,SK네트웍스서비스,58.72
SK에코플랜트.json,SK에코플랜트,75.19
SK텔레콤.json,SK텔레콤,84.01
SK플래닛.json,SK플래닛,57.99
SUN&L.json,SUN&L,66.16
㈔한국녹색기후기술원.json,㈔한국녹색기후기술원,48.76
가람감정평가법인.json,가람감정평가법인,42.59
가레트모션코리아(유).json,가레트모션코리아(유),47.74
가리온정보기술.json,가리온정보기술,29.22
가비아씨엔에스.json,가비아씨엔에스,51.58
가시.json,가시,23.37
가야데이터.json,가야데이터,26.22
가연결혼정보.json,가연결혼정보,55.82
가연아이앤씨.json,가연아이앤씨,35.76
가온그룹.json,가온그룹,57.88
가온브로드밴드.json,가온브로드밴드,45.77
가온소프트.json,가온소프트,34.84
가온아이.json,가온아이,47.84
가온정보시스템.json,가온정보시스템,30.05
가을디에스.json,가을디에스,30.03
가이스트코리아.json,가이스트코리아,40.24
가톨릭대학교산학협력단.json,가톨릭대학교산학협력단,49.55
갈라랩.json,갈라랩,41.97
갈렙스랩.json,갈렙스랩,24.13
갑진.json,갑진,52.65
강림중공업.json,강림중공업,52.21
강원대학교병원.json,강원대학교병원,50.52
강원랜드.json,강원랜드,63.65
갤럭시아커뮤니케이션즈.json,갤럭시아커뮤니케이션즈,59.71
건강누리.json,건강누리,21.21
건솔루션.json,건솔루션,40.71
건우통신.json,건우통신,30.1
건일제약.json,건일제약,55.64
겟앤쇼(Get & Show).json,겟앤쇼(Get & Show),50.01
경기일보.json,경기일보,44.38
경남제약.json,경남제약,67.31
경동나비엔.json,경동나비엔,64.28
경동사.json,경동사,41.14
경동엔지니어링.json,경동엔지니어링,78.94
경동원.json,경동원,47.69
경림이앤지.json,경림이앤지,36.16
경보전기.json,경보전기,43.61
경복궁면세점.json,경복궁면세점,70.87
경성문화사.json,경성문화사,65.58
경성시험기.json,경성시험기,34.88
경우시스테크.json,경우시스테크,46.68
경유산업.json,경유산업,36.68
경인양행.json,경인양행,67.44
경일게임아이티아카데미.json,경일게임아이티아카데미,40.4
경포씨엔씨.json,경포씨엔씨,49.41
계양전기.json,계양전기,46.93
고려대학교산학협력단.json,고려대학교산학협력단,50.72
고려신용정보.json,고려신용정보,58.63
고려아카데미컨설팅.json,고려아카데미컨설팅,39.14
고려저축은행.json,고려저축은행,45.7
고스트패스.json,고스트패스,29.22
고영테크놀러지.json,고영테크놀러지,69.81
고우.json,고우,42.17
고우넷.json,고우넷,61.72
고우아이티.json,고우아이티,37.75
고운세상코스메틱.json,고운세상코스메틱,76.75
고잉컴.json,고잉컴,40.28
고진모터스.json,고진모터스,63.02
고창농촌관광팜팜사업단.json,고창농촌관광팜팜사업단,5.76
골드스펙터.json,골드스펙터,15.47
골드앤.json,골드앤,40.26
골드앤에스.json,골드앤에스,58.34
골드플레이트.json,골드플레이트,43.87
공무원연금공단.json,공무원연금공단,65.72
공차코리아.json,공차코리아,74.27
공항철도.json,공항철도,60.81
과학기술인공제회.json,과학기술인공제회,48.66
관동정보통신.json,관동정보통신,32.63
광명통신안전.json,광명통신안전,38.96
광인정보통신.json,광인정보통신,32.26
광주도시관리공사.json,광주도시관리공사,47.5
교보문고.json,교보문고,65.11
교보생명.json,교보생명,69.35
교세라도큐먼트솔루션스코리아.json,교세라도큐먼트솔루션스코리아,62.22
교육지대.json,교육지대,58.54
교통안전공단.json,교통안전공단,68.64
구구스.json,구구스,47.42
구글코리아(유).json,구글코리아(유),65.97
구루앤.json,구루앤,24.13
구영테크.json,구영테크,55.75
구우정보기술.json,구우정보기술,33.59
구주제약.json,구주제약,44.92
국립산림과학원.json,국립산림과학원,43.02
국립암센터.json,국립암센터,65.13
국민건강보험공단.json,국민건강보험공단,75.29
국민연금공단.json,국민연금공단,70.36
국민은행.json,국민은행,71.77
국방과학연구소.json,국방과학연구소,69.38
국제방송교류재단.json,국제방송교류재단,56.33
국제손해사정.json,국제손해사정,54.73
국제식물검역인증원.json,국제식물검역인증원,46.22
국토안전관리원.json,국토안전관리원,57.0
굿리치.json,굿리치,75.31
굿모닝아이텍.json,굿모닝아이텍,45.62
굿센.json,굿센,55.32
굿프린팅.json,굿프린팅,37.33
그라비티.json,그라비티,68.7
그라비티인터랙티브.json,그라비티인터랙티브,38.43
그래디언트.json,그래디언트,51.57
그랜드호텔.json,그랜드호텔,46.54
그로윈.json,그로윈,34.36
그리드위즈.json,그리드위즈,54.05
그린맨파워.json,그린맨파워,45.18
그린스토어.json,그린스토어,64.17
그린웹서비스.json,그린웹서비스,56.47
그린조이.json,그린조이,56.84
그린카.json,그린카,45.03
그린텍아이엔씨.json,그린텍아이엔씨,44.31
그림.json,그림,44.81
그립.json,그립,44.12
극동방송.json,극동방송,43.38
극동자동화.json,극동자동화,30.76
글로벌네트웍스.json,글로벌네트웍스,43.69
글로벌리서치.json,글로벌리서치,45.66
글로벌모터서비스.json,글로벌모터서비스,60.45
글로벌소프트.json,글로벌소프트,36.71
글로벌스탠다드테크놀로지.json,글로벌스탠다드테크놀로지,68.97
글로벌시스템스.json,글로벌시스템스,27.31
글로벌엠이엠.json,글로벌엠이엠,58.02
글로벌제너레이션.json,글로벌제너레이션,43.57
글로벌텔레콤.json,글로벌텔레콤,45.69
글로벌패시지.json,글로벌패시지,36.97
글로비트.json,글로비트,43.3
글로우데이즈.json,글로우데이즈,47.43
글로웰시스템.json,글로웰시스템,32.92
글로텍.json,글로텍,37.73
금방산업.json,금방산업,28.43
금보개발.json,금보개발,39.76
금성에이스산업.json,금성에이스산업,58.38
금솔커뮤니케이션.json,금솔커뮤니케이션,44.65
금영제너럴.json,금영제너럴,46.9
금용기계.json,금용기계,42.95
금천씨스템.json,금천씨스템,40.49
금호석유화학.json,금호석유화학,73.66
금호에이치티.json,금호에이치티,41.42
금호타이어.json,금호타이어,66.84
기가레인.json,기가레인,67.72
기가바이트테크놀로지.json,기가바이트테크놀로지,40.62
기가비스.json,기가비스,72.69
기도산업.json,기도산업,52.3
기산전자.json,기산전자,51.66
기웅정보통신.json,기웅정보통신,47.5
기창인포텍.json,기창인포텍,31.04
기흥모터스.json,기흥모터스,46.88
긴트.json,긴트,46.52
꼬망스.json,꼬망스,48.17
꿈비.json,꿈비,51.15
나날에스엠아이.json,나날에스엠아이,45.12
나노아이티.json,나노아이티,34.3
나누미넷.json,나누미넷,31.01
나눔기술.json,나눔기술,35.15
나눔아이씨티.json,나눔아이씨티,41.18
나눔정보기술.json,나눔정보기술,31.31
나라소프트.json,나라소프트,35.25
나라신용정보.json,나라신용정보,43.54
나라컨트롤.json,나라컨트롤,46.02
나래나노텍.json,나래나노텍,35.01
나래디엔에이.json,나래디엔에이,29.74
나래인포시스템즈.json,나래인포시스템즈,24.98
나루데이타.json,나루데이타,37.58
나루씨큐리티.json,나루씨큐리티,32.22
나루아이.json,나루아이,35.83
나모웹비즈.json,나모웹비즈,38.22
나무가.json,나무가,89.58
나비스오토모티브시스템즈.json,나비스오토모티브시스템즈,50.45
나비엠알오.json,나비엠알오,48.74
나온소프트.json,나온소프트,51.32
나이스디앤비.json,나이스디앤비,40.49
나이스신용평가.json,나이스신용평가,48.53
나이츠넷.json,나이츠넷,37.88
나이콤.json,나이콤,45.87
나인스쿨.json,나인스쿨,50.27
낙스넷.json,낙스넷,47.89
날개물류.json,날개물류,42.7
날리지큐브.json,날리지큐브,41.29
날리지포인트.json,날리지포인트,39.89
남성해운.json,남성해운,53.71
남양에스티엔.json,남양에스티엔,36.75
낭만상회.json,낭만상회,29.29
내담씨앤씨.json,내담씨앤씨,42.13
너우리시스템.json,너우리시스템,36.42
넛지헬스케어.json,넛지헬스케어,54.57
네비웍스.json,네비웍스,47.12
네스텍.json,네스텍,40.67
네슬레코리아(유).json,네슬레코리아(유),55.59
네시삼십삼분.json,네시삼십삼분,51.71
네오게임즈.json,네오게임즈,43.68
네오드림스.json,네오드림스,33.96
네오뮤직.json,네오뮤직,37.31
네오소프트뱅크.json,네오소프트뱅크,42.38
네오싸이언.json,네오싸이언,49.21
네오아이씨피.json,네오아이씨피,40.94
네오에스티엠.json,네오에스티엠,35.27
네오오토.json,네오오토,46.46
네오위즈.json,네오위즈,69.4
네오정보시스템.json,네오정보시스템,38.27
네오젠소프트.json,네오젠소프트,39.21
네오트랜스.json,네오트랜스,48.51
네오티스.json,네오티스,42.91
네오펙트.json,네오펙트,46.03
네오플러스.json,네오플러스,56.14
네이버.json,네이버,79.54
네이버시스템.json,네이버시스템,51.84
네이블.json,네이블,49.62
네이즈.json,네이즈,41.43
네이트커뮤니케이션즈.json,네이트커뮤니케이션즈,61.96
네이티브바이너리.json,네이티브바이너리,27.9
네트콤.json,네트콤,35.47
네티브.json,네티브,53.22
네패스.json,네패스,56.12
넥서스커뮤니티.json,넥서스커뮤니티,47.99
넥센.json,넥센,56.37
넥센타이어.json,넥센타이어,64.4
넥스가이드.json,넥스가이드,33.07
넥스그리드.json,넥스그리드,35.15
넥스리얼.json,넥스리얼,31.65
넥스모어시스템즈.json,넥스모어시스템즈,36.45
넥스블루.json,넥스블루,36.93
넥스젠어쏘시에이트.json,넥스젠어쏘시에이트,28.99
넥스지오.json,넥스지오,37.87
넥스챌.json,넥스챌,43.7
넥스콘테크놀러지.json,넥스콘테크놀러지,46.3
넥스트랩.json,넥스트랩,30.95
넥스트솔루션.json,넥스트솔루션,49.92
넥스트스퀘어.json,넥스트스퀘어,31.31
넥스트테크놀로지.json,넥스트테크놀로지,28.9
넥슨코리아.json,넥슨코리아,111.72
넵코어스.json,넵코어스,44.43
넷꼬모.json,넷꼬모,25.71
넷마블.json,넷마블,85.95
넷마블네오.json,넷마블네오,74.82
넷마블에프앤씨.json,넷마블에프앤씨,73.54
넷마블엔투.json,넷마블엔투,75.59
넷솔테크.json,넷솔테크,41.47
넷아이디.json,넷아이디,9.56
넷앤드.json,넷앤드,50.37
넷츠.json,넷츠,36.64
넷츠플러스.json,넷츠플러스,30.54
넷커스터마이즈.json,넷커스터마이즈,40.73
넷클립스.json,넷클립스,26.84
넷티어시스템즈.json,넷티어시스템즈,39.6
넷틴스.json,넷틴스,29.51
노루페인트.json,노루페인트,60.59
노르마.json,노르마,44.37
노리시스템.json,노리시스템,41.94
노아시스템즈.json,노아시스템즈,39.61
노츠.json,노츠,43.9
녹수텍스테리어.json,녹수텍스테리어,32.02
녹십자.json,녹십자,73.04
녹십자엠에스.json,녹십자엠에스,45.12
녹십자의료재단.json,녹십자의료재단,55.3
녹십자이엠.json,녹십자이엠,45.08
녹원씨엔아이.json,녹원씨엔아이,49.89
녹원정보기술.json,녹원정보기술,34.15
놀부.json,놀부,54.19
농림축산검역본부.json,농림축산검역본부,31.39
농심.json,농심,78.56
농심엔지니어링.json,농심엔지니어링,47.02
농업회사법인포프리.json,농업회사법인포프리,34.8
농협정보시스템.json,농협정보시스템,62.51
농협하나로유통.json,농협하나로유통,49.22
누리꿈소프트.json,누리꿈소프트,45.41
누리랩.json,누리랩,29.51
누리씨앤아이.json,누리씨앤아이,27.76
누리아이티에스.json,누리아이티에스,27.93
누리어시스템.json,누리어시스템,48.28
누리인포스.json,누리인포스,41.38
누리플렉스.json,누리플렉스,66.25
누리호스팅.json,누리호스팅,8.35
누림소프트.json,누림소프트,32.89
뉴넷정보기술.json,뉴넷정보기술,37.19
뉴데이소프트.json,뉴데이소프트,27.06
뉴데일리.json,뉴데일리,45.91
뉴런아이티.json,뉴런아이티,18.47
뉴로메카.json,뉴로메카,40.32
뉴빌리티.json,뉴빌리티,41.39
뉴빛테크놀러지.json,뉴빛테크놀러지,43.21
뉴스킨코리아.json,뉴스킨코리아,47.05
뉴시스.json,뉴시스,53.78
뉴에라리테일.json,뉴에라리테일,33.65
뉴엔에이아이.json,뉴엔에이아이,52.85
뉴옵틱스.json,뉴옵틱스,69.85
뉴윈텍.json,뉴윈텍,37.45
뉴젠솔루션.json,뉴젠솔루션,44.24
뉴젠스.json,뉴젠스,48.08
뉴지랩.json,뉴지랩,49.54
뉴케어.json,뉴케어,30.32
뉴코리아전자통신.json,뉴코리아전자통신,40.19
늘곁애라이프온.json,늘곁애라이프온,35.53
늘엔.json,늘엔,37.93
니즈텔레콤.json,니즈텔레콤,35.09
니트로시스템.json,니트로시스템,32.18
님버스네트웍스.json,님버스네트웍스,30.39
다난기술.json,다난기술,28.0
다날.json,다날,63.33
다날에프엔비.json,다날에프엔비,52.39
다누시스.json,다누시스,44.06
다다소프트.json,다다소프트,19.8
다래파크텍.json,다래파크텍,48.64
다모아솔루션.json,다모아솔루션,34.52
다민정보산업.json,다민정보산업,23.66
다비오.json,다비오,64.96
다비치안경체인.json,다비치안경체인,49.38
다산네트웍스.json,다산네트웍스,70.27
다산솔루에타.json,다산솔루에타,41.45
다성테크.json,다성테크,39.17
다솜에스앤씨.json,다솜에스앤씨,35.53
다스.json,다스,80.1
다스카손해사정화재해상.json,다스카손해사정화재해상,55.55
다쏘.json,다쏘,31.64
다에리소프트.json,다에리소프트,39.72
다온기술.json,다온기술,49.7
다올저축은행.json,다올저축은행,49.83
다올투자증권.json,다올투자증권,72.22
다우텔레콤.json,다우텔레콤,44.06
다울지오인포.json,다울지오인포,42.63
다원디엔에스.json,다원디엔에스,39.49
다원시스.json,다원시스,76.91
다은소프트.json,다은소프트,22.73
다음정보기술.json,다음정보기술,39.2
다이쿄니시카와코리아.json,다이쿄니시카와코리아,37.61
다이퀘스트.json,다이퀘스트,52.06
다임즈.json,다임즈,46.82
다존기술.json,다존기술,36.41
다컴시스템.json,다컴시스템,43.36
다트미디어.json,다트미디어,41.07
다하미커뮤니케이션.json,다하미커뮤니케이션,40.9
닥터소프트.json,닥터소프트,40.6
단군소프트.json,단군소프트,67.2
단비플러스에스티에스.json,단비플러스에스티에스,18.19
단암시스템즈.json,단암시스템즈,50.4
달콤소프트.json,달콤소프트,49.37
담담사무소.json,담담사무소,35.12
닷넷소프트.json,닷넷소프트,35.64
대경아이티.json,대경아이티,10.33
대곤코퍼레이션.json,대곤코퍼레이션,45.26
대교.json,대교,66.86
대교씨엔에스.json,대교씨엔에스,48.62
대구디지털산업진흥원.json,대구디지털산업진흥원,42.35
대구텍(유).json,대구텍(유),63.89
대길통상.json,대길통상,35.64
대덕.json,대덕,54.34
대동공업.json,대동공업,88.4
대동산업.json,대동산업,47.49
대두식품.json,대두식품,53.65
대륙.json,대륙,44.35
대륙제관.json,대륙제관,44.98
대륜이엔에스.json,대륜이엔에스,53.13
대림.json,대림,94.44
대림산업.json,대림산업,90.63
대림인서트산업.json,대림인서트산업,30.1
대보정보통신.json,대보정보통신,64.28
대상.json,대상,71.08
대상정보기술.json,대상정보기술,53.19
대성산업.json,대성산업,59.96
대성정보기술.json,대성정보기술,29.73
대성정보시스템.json,대성정보시스템,21.71
대성텔레콤.json,대성텔레콤,40.21
대신네트웍스.json,대신네트웍스,37.55
대신정기화물자동차.json,대신정기화물자동차,33.35
대신정보기술.json,대신정보기술,40.19
대신증권.json,대신증권,67.12
대신통신기술.json,대신통신기술,42.71
대양전기공업.json,대양전기공업,42.99
대연씨앤아이.json,대연씨앤아이,37.41
대영유비텍.json,대영유비텍,44.77
대우건설.json,대우건설,73.99
대우조선해양건설.json,대우조선해양건설,43.37
대웅제약.json,대웅제약,72.86
대원메디테크.json,대원메디테크,33.97
대원미디어.json,대원미디어,78.65
대원씨앤씨.json,대원씨앤씨,48.37
대원제약.json,대원제약,72.18
대유넥스티어.json,대유넥스티어,35.27
대주기계.json,대주기계,61.83
대주전자재료.json,대주전자재료,47.63
대한과학.json,대한과학,47.57
대한광통신.json,대한광통신,50.91
대한네트웍스.json,대한네트웍스,38.07
대한뉴팜.json,대한뉴팜,74.3
대한무역투자진흥공사.json,대한무역투자진흥공사,77.1
대한번역개발원.json,대한번역개발원,49.1
대한산업보건협회.json,대한산업보건협회,83.86
대한산업안전협회.json,대한산업안전협회,62.45
대한솔루션.json,대한솔루션,69.89
대한에프에이시스템.json,대한에프에이시스템,41.34
대한적십자사.json,대한적십자사,66.28
대한제강.json,대한제강,62.39
대한제당.json,대한제당,61.31
대한주택관리사협회.json,대한주택관리사협회,54.39
대한치과위생사협회.json,대한치과위생사협회,33.79
대한항공.json,대한항공,76.04
대한해운.json,대한해운,73.29
대현.json,대현,41.99
대호아이엔티.json,대호아이엔티,29.88
대홍기획.json,대홍기획,55.8
대화감정평가법인.json,대화감정평가법인,44.02
대화연료펌프.json,대화연료펌프,42.19
대흥데이타통신.json,대흥데이타통신,34.81
더네이쳐홀딩스.json,더네이쳐홀딩스,62.06
더브리즈.json,더브리즈,31.78
더블비미디어.json,더블비미디어,22.32
더블유쇼핑.json,더블유쇼핑,51.14
더블유스코프코리아.json,더블유스코프코리아,67.92
더블유에스피아시아리미티드.json,더블유에스피아시아리미티드,48.88
더블유컨셉코리아.json,더블유컨셉코리아,83.52
더비엔아이.json,더비엔아이,26.94
더시스템스코리아.json,더시스템스코리아,39.21
더열심히.json,더열심히,47.02
더웹스.json,더웹스,23.26
더위버크리에이티브.json,더위버크리에이티브,48.24
더존테크윌.json,더존테크윌,38.51
더케이교직원나라.json,더케이교직원나라,42.53
더케이예다함상조.json,더케이예다함상조,46.07
더크림유니언.json,더크림유니언,53.78
더클래스효성.json,더클래스효성,36.67
더핑크퐁컴퍼니.json,더핑크퐁컴퍼니,62.49
덕인.json,덕인,42.37
덕일산업.json,덕일산업,78.83
던필드알파.json,던필드알파,50.66
데브시스터즈.json,데브시스터즈,75.27
데상트코리아.json,데상트코리아,72.61
데이사이드.json,데이사이드,43.46
데이세븐.json,데이세븐,50.79
데이타게이트코리아.json,데이타게이트코리아,36.0
데이타링크시스템스.json,데이타링크시스템스,35.08
데이타뱅크.json,데이타뱅크,43.19
데이타와이드.json,데이타와이드,32.84
데이타포인트.json,데이타포인트,37.73
데이터누리.json,데이터누리,33.11
데이터스트림즈.json,데이터스트림즈,71.63
데이터엔지니어스랩.json,데이터엔지니어스랩,27.58
데이터월드.json,데이터월드,32.02
데이터클립.json,데이터클립,47.41
데이터플러스.json,데이터플러스,43.53
덱스타.json,덱스타,30.94
덴츠플라이시로나코리아.json,덴츠플라이시로나코리아,69.12
덴컴.json,덴컴,41.53
덴티움.json,덴티움,92.43
델레오코리아.json,델레오코리아,42.74
도드람푸드.json,도드람푸드,81.04
도로교통공단.json,도로교통공단,64.3
도루코.json,도루코,64.07
도미노코리아.json,도미노코리아,48.06
도미노피자(청오디피케이).json,도미노피자(청오디피케이),67.66
도울정보기술.json,도울정보기술,21.37
도전하는사람들.json,도전하는사람들,43.74
도쿄일렉트론코리아.json,도쿄일렉트론코리아,69.78
동구바이오제약.json,동구바이오제약,82.88
동국대학교일산병원.json,동국대학교일산병원,45.48
동국시스템즈.json,동국시스템즈,72.14
동덕정보통신.json,동덕정보통신,41.74
동명기술공단종합건축사사무소.json,동명기술공단종합건축사사무소,59.19
동명정보기술.json,동명정보기술,34.64
동방에스앤디.json,동방에스앤디,40.19
동방정보통신.json,동방정보통신,27.05
동보.json,동보,77.33
동부엔지니어링.json,동부엔지니어링,57.81
동북아생물다양성연구소.json,동북아생물다양성연구소,40.21
동서정보기술.json,동서정보기술,29.22
동성네트웍스.json,동성네트웍스,26.15
동성케미컬.json,동성케미컬,58.09
동승 JW메리어트 동.json,동승 JW메리어트 동,50.38
동아닷컴.json,동아닷컴,54.63
동아사이언스.json,동아사이언스,73.31
동아쏘시오홀딩스.json,동아쏘시오홀딩스,71.35
동아엘텍.json,동아엘텍,50.75
동아전기부품.json,동아전기부품,51.9
동아출판.json,동아출판,68.09
동양고속.json,동양고속,49.22
동양네트워크.json,동양네트워크,30.46
동양산업.json,동양산업,40.44
동양이엔피.json,동양이엔피,71.52
동양정보서비스.json,동양정보서비스,41.07
동연에스엔티.json,동연에스엔티,28.21
동우에이치에스티.json,동우에이치에스티,42.12
동원개발.json,동원개발,48.82
동원금속.json,동원금속,44.46
동은정보기술.json,동은정보기술,45.53
동인광학.json,동인광학,34.34
동인기연.json,동인기연,71.14
동일기술공사.json,동일기술공사,63.33
동주엔지니어링.json,동주엔지니어링,29.7
동진상선.json,동진상선,47.33
동진쎄미켐.json,동진쎄미켐,70.38
동진제어기술.json,동진제어기술,28.59
동특.json,동특,49.18
동해정보통신.json,동해정보통신,42.04
동호에이치알.json,동호에이치알,64.33
동화기업.json,동화기업,67.52
동화세상에듀코.json,동화세상에듀코,55.72
동훈아이텍.json,동훈아이텍,37.8
두꺼비세상.json,두꺼비세상,28.61
두두원.json,두두원,22.91
두라로지스틱스.json,두라로지스틱스,45.42
두레시닝.json,두레시닝,54.85
두루안.json,두루안,40.65
두루이디에스.json,두루이디에스,39.88
두림야스카와.json,두림야스카와,60.59
두베.json,두베,38.71
두비스.json,두비스,23.57
두산.json,두산,72.56
두손소프트.json,두손소프트,43.04
두손씨앤아이.json,두손씨앤아이,31.14
두앤비디자인.json,두앤비디자인,31.16
두울.json,두울,35.9
두원냉기.json,두원냉기,31.47
두원이에프씨.json,두원이에프씨,48.82
두원전자통신.json,두원전자통신,46.14
두잉씨앤에스.json,두잉씨앤에스,61.44
둘리정보통신.json,둘리정보통신,33.51
듀링.json,듀링,51.6
듀스펙.json,듀스펙,38.09
듀어코리아.json,듀어코리아,62.97
듀얼에스디.json,듀얼에스디,31.05
드림네트웍스.json,드림네트웍스,42.29
드림씨아이에스.json,드림씨아이에스,70.79
드림어스컴퍼니.json,드림어스컴퍼니,72.77
드림에이스.json,드림에이스,17.09
드림와이즈.json,드림와이즈,34.1
드림텍.json,드림텍,79.62
드림하이테크.json,드림하이테크,36.13
디노바디앤씨.json,디노바디앤씨,32.75
디노텍.json,디노텍,25.07
디노플러스.json,디노플러스,40.21
디더블유아이.json,디더블유아이,28.0
디디에스.json,디디에스,41.75
디라직.json,디라직,45.3
디리아.json,디리아,39.87
디멕스.json,디멕스,43.71
디모아.json,디모아,47.14
디비비전.json,디비비전,34.54
디비웍스.json,디비웍스,33.67
디섹.json,디섹,46.14
디스트릭트코리아.json,디스트릭트코리아,52.6
디쌤.json,디쌤,42.55
디씨티준오.json,디씨티준오,25.64
디아이커뮤니케이션즈.json,디아이커뮤니케이션즈,36.37
디아이티.json,디아이티,42.4
디알네트웍스.json,디알네트웍스,27.77
디알씨티에스.json,디알씨티에스,47.8
디알텍.json,디알텍,73.6
디앤디기술.json,디앤디기술,36.46
디앤웍스.json,디앤웍스,34.29
디어유.json,디어유,83.46
디에스글로벌.json,디에스글로벌,51.65
디에스멘토링.json,디에스멘토링,32.36
디에스브이에어앤씨.json,디에스브이에어앤씨,51.66
디에스앤지.json,디에스앤지,27.2
디에스앤텍.json,디에스앤텍,36.69
디에스이엔.json,디에스이엔,63.29
디에스이트레이드.json,디에스이트레이드,37.27
디에스인포.json,디에스인포,33.06
디에스지엔.json,디에스지엔,40.71
디에스티인터내셔날.json,디에스티인터내셔날,38.79
디에이치.json,디에이치,51.82
디에이치엘코리아.json,디에이치엘코리아,67.37
디에이치오토웨어.json,디에이치오토웨어,52.12
디엑스솔루션즈.json,디엑스솔루션즈,28.46
디엑스앤브이엑스.json,디엑스앤브이엑스,42.76
디엑스지.json,디엑스지,45.02
디엔에이소프트.json,디엔에이소프트,45.02
디엠씨미디어.json,디엠씨미디어,58.68
디오에프연구소.json,디오에프연구소,36.95
디오엔케이.json,디오엔케이,34.8
디오티스.json,디오티스,42.22
디와이즈.json,디와이즈,49.2
디이엑스인포.json,디이엑스인포,33.15
디이엔티.json,디이엔티,67.14
디자인하우스.json,디자인하우스,50.69
디젠.json,디젠,44.51
디지베이스.json,디지베이스,27.97
디지비데이터시스템.json,디지비데이터시스템,40.97
디지비생명보험.json,디지비생명보험,53.93
디지비자산운용.json,디지비자산운용,42.93
디지아톰.json,디지아톰,36.0
디지카이트.json,디지카이트,19.54
디지캡.json,디지캡,66.98
디지탈씨오에스.json,디지탈씨오에스,41.46
디지탈온넷.json,디지탈온넷,21.58
디지털대성.json,디지털대성,55.2
디지털존.json,디지털존,39.82
디지털타임스.json,디지털타임스,63.12
디지털태인.json,디지털태인,39.77
디지털포토.json,디지털포토,46.99
디지털플러스시스템.json,디지털플러스시스템,47.99
디지털헤럴드.json,디지털헤럴드,42.88
디지텍코리아.json,디지텍코리아,28.74
디지토피아.json,디지토피아,48.15
디케이비엠시.json,디케이비엠시,44.95
디케이씨.json,디케이씨,77.62
디큐.json,디큐,35.86
디텍씨큐리티.json,디텍씨큐리티,41.23
디텍프론티어.json,디텍프론티어,38.3
디투이노베이션.json,디투이노베이션,41.28
디트라이브.json,디트라이브,51.65
디티앤씨.json,디티앤씨,39.33
디파이.json,디파이,55.54
디포커스.json,디포커스,43.67
디플럭스씨앤씨.json,디플럭스씨앤씨,37.68
딜라이브.json,딜라이브,62.91
딜로이트컨설팅.json,딜로이트컨설팅,51.96
딜리버리랩.json,딜리버리랩,41.59
딥노이드.json,딥노이드,46.03
딥마인드플랫폼.json,딥마인드플랫폼,41.24
딥인사이트.json,딥인사이트,34.35
띵크마린.json,띵크마린,26.71
라닉스.json,라닉스,46.58
라다카.json,라다카,31.99
라라잡.json,라라잡,25.72
라스커머스.json,라스커머스,31.43
라스테크.json,라스테크,33.48
라오니스.json,라오니스,38.61
라온솔루션.json,라온솔루션,23.24
라온시스템즈.json,라온시스템즈,25.69
라온시큐어.json,라온시큐어,41.51
라이나생명보험.json,라이나생명보험,59.16
라이너스즈바베큐.json,라이너스즈바베큐,22.31
라이노정보기술.json,라이노정보기술,33.05
라이앤캐처스.json,라이앤캐처스,31.45
라이온코리아.json,라이온코리아,60.88
라이터스컴퍼니.json,라이터스컴퍼니,22.08
라이트브레인.json,라이트브레인,55.57
라인월드.json,라인월드,21.63
라인테크시스템.json,라인테크시스템,37.29
라텔앤드파트너즈.json,라텔앤드파트너즈,33.12
락플레이스.json,락플레이스,47.11
래브라도랩스.json,래브라도랩스,22.78
래트론.json,래트론,38.07
램리서치코리아.json,램리서치코리아,58.95
랩투마켓.json,랩투마켓,32.94
러닝포인트.json,러닝포인트,17.87
러쉬코리아.json,러쉬코리아,76.05
럭스로보.json,럭스로보,40.77
럭스코.json,럭스코,31.19
런치팩.json,런치팩,31.99
레노소프트.json,레노소프트,34.5
레드소프트.json,레드소프트,35.36
레드우드파트너스.json,레드우드파트너스,39.83
레드캡투어.json,레드캡투어,53.03
레디코리아.json,레디코리아,39.44
레오미디어.json,레오미디어,25.28
레오버넷.json,레오버넷,58.36
레이나.json,레이나,34.5
레이언스.json,레이언스,74.28
레이저발테크놀러지.json,레이저발테크놀러지,28.24
레이팜코리아.json,레이팜코리아,36.54
레이풀시스템.json,레이풀시스템,35.0
레코피스.json,레코피스,38.39
레페리.json,레페리,69.52
렉스젠.json,렉스젠,46.05
렉터슨.json,렉터슨,38.47
로뎀테크.json,로뎀테크,27.02
로드컴플릿.json,로드컴플릿,38.92
로딕스.json,로딕스,36.28
로보스타.json,로보스타,79.53
로보티즈.json,로보티즈,55.26
로보플래닛.json,로보플래닛,31.54
로시스정보기술.json,로시스정보기술,32.76
로이스.json,로이스,30.53
로이츠.json,로이츠,32.29
로이테크원.json,로이테크원,33.92
로지스올.json,로지스올,40.96
로지시스.json,로지시스,52.67
로체시스템즈.json,로체시스템즈,83.23
로커스.json,로커스,53.38
로코모.json,로코모,42.47
로터스포트.json,로터스포트,32.2
로텍스.json,로텍스,22.18
로픽.json,로픽,42.23
롤텍.json,롤텍,41.72
롯데렌탈.json,롯데렌탈,60.19
롯데멤버스.json,롯데멤버스,60.56
롯데손해보험.json,롯데손해보험,63.14
롯데쇼핑 e커머스사업본부.json,롯데쇼핑 e커머스사업본부,56.61
롯데쇼핑.json,롯데쇼핑,70.82
롯데알미늄.json,롯데알미늄,55.5
롯데오토리스.json,롯데오토리스,42.93
롯데이노베이트.json,롯데이노베이트,66.67
롯데카드.json,롯데카드,58.61
롯데케미칼.json,롯데케미칼,74.6
롯데하이마트.json,롯데하이마트,62.61
루미르.json,루미르,44.13
루이디아글로벌.json,루이디아글로벌,31.84
루켄테크놀러지스.json,루켄테크놀러지스,48.01
루테스.json,루테스,32.77
루텍.json,루텍,29.84
루트로닉.json,루트로닉,80.15
루트온플러스.json,루트온플러스,40.82
르호봇비즈니스인큐베이터.json,르호봇비즈니스인큐베이터,43.69
리걸테크.json,리걸테크,16.54
리그시스템.json,리그시스템,34.9
리노미디어.json,리노미디어,70.97
리눅스데이타시스템.json,리눅스데이타시스템,42.15
리눅스웨어.json,리눅스웨어,43.87
리더스손해사정.json,리더스손해사정,45.26
리더스시스템즈.json,리더스시스템즈,43.24
리더스코스메틱.json,리더스코스메틱,57.57
리더스텍.json,리더스텍,32.55
리드코프.json,리드코프,61.17
리드피플.json,리드피플,43.45
리딩투자증권.json,리딩투자증권,55.05
리딩포인트.json,리딩포인트,39.77
리레코코리아.json,리레코코리아,48.82
리메드.json,리메드,42.8
리멤버앤컴퍼니.json,리멤버앤컴퍼니,43.79
리모트솔루션.json,리모트솔루션,63.77
리버스아이티.json,리버스아이티,37.59
리비바이오.json,리비바이오,36.58
리서치앤리서치.json,리서치앤리서치,46.84
"리스트 (LIST Co.,L.json","리스트 (LIST Co.,L",28.33
리안.json,리안,35.33
리앙커뮤니케이션즈.json,리앙커뮤니케이션즈,47.93
리앤한.json,리앤한,49.32
리얼투데이.json,리얼투데이,37.24
리치브라이트.json,리치브라이트,27.38
리치빔.json,리치빔,42.21
리치앤타임.json,리치앤타임,51.7
리치푸드.json,리치푸드,66.47
리코스포츠에이전시.json,리코스포츠에이전시,39.9
리코코리아.json,리코코리아,42.63
리테일테크.json,리테일테크,38.58
리틀팍스.json,리틀팍스,26.04
리파인.json,리파인,50.99
린나이코리아.json,린나이코리아,52.74
린컴퍼니.json,린컴퍼니,52.79
링네트.json,링네트,77.85
링커리어.json,링커리어,60.94
링크.json,링크,41.1
링크정보통신.json,링크정보통신,25.65
마르시스.json,마르시스,47.47
마리오쇼핑.json,마리오쇼핑,64.97
마린웍스.json,마린웍스,41.46
마상소프트.json,마상소프트,41.66
마쉬코리아 보험중개.json,마쉬코리아 보험중개,44.66
마스턴투자운용.json,마스턴투자운용,49.35
마이다스아이티.json,마이다스아이티,71.43
마이뮤직테이스트.json,마이뮤직테이스트,66.26
마이스소프트.json,마이스소프트,23.91
마이스터정보기술.json,마이스터정보기술,38.85
마이에듀.json,마이에듀,41.52
마이원.json,마이원,44.18
마이크로이미지.json,마이크로이미지,31.14
마인드시스템.json,마인드시스템,36.63
마인드원.json,마인드원,47.94
마인즈앤컴퍼니.json,마인즈앤컴퍼니,26.36
마카롱팩토리.json,마카롱팩토리,41.22
마크로밀엠브레인.json,마크로밀엠브레인,57.44
마크로젠.json,마크로젠,68.62
마크베이스.json,마크베이스,41.76
마티아솔루션.json,마티아솔루션,42.22
만도.json,만도,73.44
말레동현필터시스템.json,말레동현필터시스템,45.77
매경닷컴.json,매경닷컴,53.29
매그나칩반도체.json,매그나칩반도체,71.87
매그넘빈트.json,매그넘빈트,54.34
매그넷.json,매그넷,38.32
매사.json,매사,40.48
매스코.json,매스코,41.77
매일경제신문사.json,매일경제신문사,73.19
매일홀딩스.json,매일홀딩스,60.55
맥서브(Maxerve Co..json,맥서브(Maxerve Co.,68.91
맥슨모터코리아.json,맥슨모터코리아,68.67
맥시우스.json,맥시우스,50.85
맨텍.json,맨텍,48.4
맨텍네트웍스.json,맨텍네트웍스,37.29
맨파워코리아.json,맨파워코리아,70.23
머니투데이.json,머니투데이,53.37
머니투데이방송.json,머니투데이방송,50.87
머큐리.json,머큐리,86.45
멀티캠퍼스.json,멀티캠퍼스,76.77
메가센.json,메가센,33.38
메가슈플렉스에스마켓.json,메가슈플렉스에스마켓,44.41
메가스터디.json,메가스터디,75.92
메가스터디교육.json,메가스터디교육,90.37
메가엠디.json,메가엠디,26.29
메가존.json,메가존,59.16
메가터치.json,메가터치,33.74
메가프레스.json,메가프레스,47.84
메디아나.json,메디아나,51.49
메디앙스.json,메디앙스,78.75
메디에이지.json,메디에이지,39.92
메디오피아테크.json,메디오피아테크,45.09
메디젠휴먼케어.json,메디젠휴먼케어,56.55
메디칼스탠다드.json,메디칼스탠다드,46.28
메디쿼터스.json,메디쿼터스,51.35
메디톡스.json,메디톡스,67.18
메디트.json,메디트,52.17
메디파나.json,메디파나,29.53
메디포스트.json,메디포스트,55.82
메디플러스솔루션.json,메디플러스솔루션,40.68
메디픽셀.json,메디픽셀,39.31
메리츠화재해상보험.json,메리츠화재해상보험,67.2
메리테크.json,메리테크,48.33
메이비원.json,메이비원,48.0
메이아이.json,메이아이,41.86
메이어스.json,메이어스,34.23
메이젠인터렉트.json,메이젠인터렉트,44.65
메이츠소프트.json,메이츠소프트,41.68
메이크인.json,메이크인,55.41
메이티.json,메이티,37.88
메인정보시스템.json,메인정보시스템,36.29
메츠에이치아이티.json,메츠에이치아이티,55.37
메카로.json,메카로,48.12
메타네트웍스.json,메타네트웍스,35.9
메타넷글로벌.json,메타넷글로벌,51.04
메타넷디지털.json,메타넷디지털,72.38
메타넷티플랫폼.json,메타넷티플랫폼,48.91
메타바이오메드.json,메타바이오메드,81.42
메타브레인.json,메타브레인,41.42
메타빌드.json,메타빌드,50.72
메타에스앤씨.json,메타에스앤씨,46.91
메타엠.json,메타엠,72.5
메타지아이에스컨설팅.json,메타지아이에스컨설팅,26.3
메티스.json,메티스,42.41
멜파스.json,멜파스,64.46
명륜2차아이파크아파트.json,명륜2차아이파크아파트,18.49
명정보기술.json,명정보기술,24.09
명화공업.json,명화공업,59.89
모그커뮤니케이션즈.json,모그커뮤니케이션즈,48.14
모나미.json,모나미,62.93
모나용평.json,모나용평,51.8
모노얼라이언스.json,모노얼라이언스,32.64
모니터랩.json,모니터랩,47.88
모닝인컨설팅.json,모닝인컨설팅,46.78
모닝정보.json,모닝정보,33.43
모다.json,모다,45.31
모던웨이브.json,모던웨이브,29.01
모두의연구소.json,모두의연구소,43.41
모디엠.json,모디엠,41.48
모루소프트.json,모루소프트,37.27
모바일 어플라이언스.json,모바일 어플라이언스,45.8
모바일나인.json,모바일나인,34.96
모바일타운.json,모바일타운,25.51
모베이스전자.json,모베이스전자,56.03
모비다임.json,모비다임,21.16
모비루스.json,모비루스,42.12
모비릭스.json,모비릭스,56.15
모비젠.json,모비젠,53.87
모비프렌.json,모비프렌,41.04
모빅시스템즈.json,모빅시스템즈,37.38
모빌린트.json,모빌린트,42.04
모빌씨앤씨.json,모빌씨앤씨,42.08
모션테크놀로지.json,모션테크놀로지,37.26
모스티소프트.json,모스티소프트,43.55
모아.json,모아,23.28
모아소프트.json,모아소프트,38.53
모아저축은행.json,모아저축은행,49.75
모아지오.json,모아지오,29.72
모지션.json,모지션,13.81
모토닉스.json,모토닉스,41.58
모트렉스.json,모트렉스,63.1
모헨즈.json,모헨즈,37.42
무니스튜디오.json,무니스튜디오,17.96
무림피앤피.json,무림피앤피,55.75
무역관련지식재산권보호협회.json,무역관련지식재산권보호협회,38.51
무진전자.json,무진전자,46.68
문화방송.json,문화방송,79.69
뮬라.json,뮬라,58.43
미니레코드.json,미니레코드,45.89
미니소프트.json,미니소프트,34.15
미디어그룹사람과숲.json,미디어그룹사람과숲,52.39
미디어로그.json,미디어로그,78.95
미디어솔루션.json,미디어솔루션,35.86
미디어윌네트웍스.json,미디어윌네트웍스,52.32
미디어젠.json,미디어젠,48.62
미디어창비.json,미디어창비,44.24
미디어채널.json,미디어채널,33.4
미디어텍코리아.json,미디어텍코리아,51.5
미디어허브.json,미디어허브,44.17
미라지웍스.json,미라지웍스,44.76
미래넷.json,미래넷,45.83
미래로가는길.json,미래로가는길,20.0
미래비즈코리.json,미래비즈코리,38.09
미래쏘프트웨어.json,미래쏘프트웨어,32.28
미래아이엔텍.json,미래아이엔텍,41.27
미래에셋생명보험.json,미래에셋생명보험,59.2
미래에셋자산운용.json,미래에셋자산운용,79.12
미래에셋캐피탈.json,미래에셋캐피탈,58.57
미래엔.json,미래엔,60.96
미래융합정보기술.json,미래융합정보기술,30.06
미래컴퍼니.json,미래컴퍼니,60.16
미루시스템즈.json,미루시스템즈,38.88
미르기술.json,미르기술,47.67
미르이즈.json,미르이즈,40.48
미르테크.json,미르테크,29.66
미리비트.json,미리비트,34.4
미성엠프로.json,미성엠프로,59.61
미소정보기술.json,미소정보기술,36.62
미소테크.json,미소테크,41.54
미스터블루.json,미스터블루,56.64
미원화학.json,미원화학,46.32
미조리장갑.json,미조리장갑,30.58
미플즈.json,미플즈,44.98
밀레에델바이스홀딩스.json,밀레에델바이스홀딩스,45.12
밀리의서재.json,밀리의서재,63.89
바나플.json,바나플,59.12
바디프랜드.json,바디프랜드,84.62
바로.json,바로,35.05
바로건설기술.json,바로건설기술,32.75
바로네트웍스.json,바로네트웍스,40.84
바로연 결혼정보.json,바로연 결혼정보,43.66
바로크레디트대부.json,바로크레디트대부,58.21
바로팜.json,바로팜,7.28
바론시스템.json,바론시스템,36.9
바롬시스템.json,바롬시스템,28.41
바른인포테크.json,바른인포테크,31.04
바른컴퍼니.json,바른컴퍼니,53.54
바바라 신세계아울렛.json,바바라 신세계아울렛,53.08
바바리안모터스.json,바바리안모터스,74.57
바비톡.json,바비톡,44.86
바오밥테크놀로지.json,바오밥테크놀로지,31.48
바이널씨.json,바이널씨,55.06
바이널아이.json,바이널아이,62.23
바이엘코리아.json,바이엘코리아,64.33
바이오세움.json,바이오세움,37.94
바이오인프라생명과학.json,바이오인프라생명과학,37.62
바이오코아.json,바이오코아,30.8
바이오플러스.json,바이오플러스,50.16
바이온텍.json,바이온텍,49.26
바이텍씨스템.json,바이텍씨스템,40.21
바이텍정보통신.json,바이텍정보통신,41.19
바자울정보기술.json,바자울정보기술,35.14
바텍엠시스.json,바텍엠시스,75.67
바텍이우홀딩스.json,바텍이우홀딩스,70.75
발레오전장시스템스코리아.json,발레오전장시스템스코리아,49.9
백인대장.json,백인대장,29.73
백패커.json,백패커,59.72
밸류마크.json,밸류마크,49.13
밸류플러스.json,밸류플러스,49.36
뱅뱅어패럴.json,뱅뱅어패럴,46.82
뱅크웨어글로벌.json,뱅크웨어글로벌,70.08
버버리코리아.json,버버리코리아,67.92
버즈빌.json,버즈빌,50.2
버츄얼드림.json,버츄얼드림,38.87
버킷플레이스.json,버킷플레이스,84.22
버텍스아이디.json,버텍스아이디,38.45
번개장터.json,번개장터,74.86
범우정보기술.json,범우정보기술,41.06
범우화학공업.json,범우화학공업,51.51
법무법인(유한)예율.json,법무법인(유한)예율,32.58
법틀.json,법틀,28.08
베가스.json,베가스,42.74
베네통코리아.json,베네통코리아,70.14
베렉스.json,베렉스,38.65
베리타스자산대부.json,베리타스자산대부,40.19
베베쿡.json,베베쿡,48.53
베스텔라랩.json,베스텔라랩,42.23
베스트디지탈.json,베스트디지탈,39.78
베스티안소프트.json,베스티안소프트,29.09
베스파.json,베스파,55.98
베이넥스.json,베이넥스,41.1
베이비프렌즈.json,베이비프렌즈,30.36
베이직테크.json,베이직테크,42.83
베텍.json,베텍,34.72
벤제프.json,벤제프,46.28
벨아이앤에스.json,벨아이앤에스,38.33
벨정보.json,벨정보,42.41
보그워너충주유한책임회사.json,보그워너충주유한책임회사,46.21
보나캠프.json,보나캠프,56.77
보령.json,보령,89.86
보림.json,보림,35.97
보림파워텍.json,보림파워텍,17.76
보이스인.json,보이스인,36.23
보이저3호.json,보이저3호,15.24
보인테크.json,보인테크,20.85
보임테크놀러지.json,보임테크놀러지,59.39
보험몰닷컴.json,보험몰닷컴,44.22
보흥클레온.json,보흥클레온,49.18
본아이에프.json,본아이에프,62.56
부강스프링.json,부강스프링,22.76
부동산일일사.json,부동산일일사,49.82
부뜰정보시스템.json,부뜰정보시스템,47.22
북큐브네트웍스.json,북큐브네트웍스,50.08
불스원.json,불스원,44.28
뷰런테크놀로지.json,뷰런테크놀로지,40.8
뷰성형외과.json,뷰성형외과,48.8
뷰온.json,뷰온,14.81
브랜드웍스코리아.json,브랜드웍스코리아,53.51
브랜디드라이프스타일코리아.json,브랜디드라이프스타일코리아,48.19
브레넥스.json,브레넥스,41.38
브레이브모바일.json,브레이브모바일,49.23
브레인네트웍스.json,브레인네트웍스,35.01
브레인즈컴퍼니.json,브레인즈컴퍼니,37.73
브레인컨설팅.json,브레인컨설팅,36.14
브로드씨엔에스.json,브로드씨엔에스,32.18
브리지텍.json,브리지텍,53.36
브릿지씨앤씨.json,브릿지씨앤씨,29.94
브링스코리아.json,브링스코리아,52.5
브이게이트.json,브이게이트,36.67
브이씨 (보이스캐디).json,브이씨 (보이스캐디),56.1
브이씨에이테크놀로지.json,브이씨에이테크놀로지,59.14
브이엠에스솔루션스.json,브이엠에스솔루션스,73.9
브이원텍.json,브이원텍,49.13
브이텍.json,브이텍,38.58
브이티더블유.json,브이티더블유,43.34
브이패스.json,브이패스,38.41
브이피.json,브이피,69.0
블로터앤미디어.json,블로터앤미디어,37.63
블록체인글로벌.json,블록체인글로벌,31.43
블루마운틴소프트.json,블루마운틴소프트,45.64
블루버드.json,블루버드,58.89
블루비즈넷.json,블루비즈넷,27.44
블루사이드.json,블루사이드,36.12
블루스톤익스체인지.json,블루스톤익스체인지,40.15
블루웍스.json,블루웍스,39.87
블루원.json,블루원,64.06
블루웨이브컨설팅.json,블루웨이브컨설팅,41.03
블루이엔지.json,블루이엔지,43.94
블루칩씨앤에스.json,블루칩씨앤에스,36.98
블루콤.json,블루콤,52.21
블루테크솔루션.json,블루테크솔루션,22.78
블루트리.json,블루트리,43.21
블룸즈베리리소시스리미티드.json,블룸즈베리리소시스리미티드,41.02
비나텍.json,비나텍,63.7
비네트.json,비네트,34.29
비덴트.json,비덴트,41.34
비디.json,비디,47.26
비모소프트.json,비모소프트,43.22
비바리퍼블리카.json,비바리퍼블리카,93.91
비바이노베이션.json,비바이노베이션,36.78
비볼코리아.json,비볼코리아,30.48
비브로스 (B-bros Corporation).json,비브로스 (B-bros Corporation),42.53
비브스튜디오스.json,비브스튜디오스,49.88
비브이씨피에스에이디티코리아.json,비브이씨피에스에이디티코리아,46.63
비비엠씨.json,비비엠씨,34.93
비비트리.json,비비트리,48.94
비섹전자.json,비섹전자,25.9
비솔.json,비솔,46.96
비씨월드제약.json,비씨월드제약,41.01
비씨카드.json,비씨카드,77.77
비아웹.json,비아웹,37.25
비아트론.json,비아트론,73.77
비알랩.json,비알랩,24.58
비앤드알산업자동화.json,비앤드알산업자동화,32.35
비앤비.json,비앤비,26.82
비앤에프테크놀로지.json,비앤에프테크놀로지,44.8
비에네스소프트.json,비에네스소프트,34.36
비에스지파트너스.json,비에스지파트너스,47.98
비에이비오커뮤니케이션.json,비에이비오커뮤니케이션,35.69
비에이치.json,비에이치,71.88
비에이치에스.json,비에이치에스,11.08
비에이치에스티.json,비에이치에스티,35.78
비에이치컨설팅.json,비에이치컨설팅,29.88
비엔케이시스템.json,비엔케이시스템,79.14
비엔케이투자증권.json,비엔케이투자증권,63.38
비엔피파리바카디프생명보험.json,비엔피파리바카디프생명보험,42.45
비엠금속.json,비엠금속,40.36
비엠시스솔루션.json,비엠시스솔루션,26.51
비엠티 서울지사.json,비엠티 서울지사,28.52
비욘드테크.json,비욘드테크,42.73
비인스텍.json,비인스텍,33.14
비자림.json,비자림,31.03
비주얼샤워.json,비주얼샤워,42.49
비즈니스서비스그룹.json,비즈니스서비스그룹,29.62
비즈니스온커뮤니케이션.json,비즈니스온커뮤니케이션,44.94
비즈마켓.json,비즈마켓,51.42
비즈머스.json,비즈머스,34.51
비즈시스템.json,비즈시스템,24.95
비즈앤테크컨설팅.json,비즈앤테크컨설팅,38.0
비즈엔젤.json,비즈엔젤,25.13
비즈웰.json,비즈웰,30.58
비즈톡.json,비즈톡,45.81
비지에프에코머티리얼즈.json,비지에프에코머티리얼즈,47.86
비지트.json,비지트,24.79
비츠로셀.json,비츠로셀,41.4
비카코리아.json,비카코리아,40.72
비컴솔루션.json,비컴솔루션,39.78
비케이탑스.json,비케이탑스,45.08
비콘아이앤씨.json,비콘아이앤씨,44.97
비큐에이아이.json,비큐에이아이,47.4
비토플러스.json,비토플러스,33.17
비트나인.json,비트나인,43.3
비트맥스.json,비트맥스,50.09
빅스데이터.json,빅스데이터,39.38
빅텍.json,빅텍,47.34
빅텍스.json,빅텍스,44.3
빌포스트.json,빌포스트,44.79
뽐뿌커뮤니케이션.json,뽐뿌커뮤니케이션,50.25
쁘띠엘린.json,쁘띠엘린,57.3
사단법인 한국교과서협회.json,사단법인 한국교과서협회,49.6
사람인에이치에스.json,사람인에이치에스,56.36
사랑방미디어.json,사랑방미디어,47.41
사이넥스.json,사이넥스,49.62
사이넷.json,사이넷,46.06
사이버라인.json,사이버라인,38.99
사이버메드.json,사이버메드,43.22
사이버이메지네이션.json,사이버이메지네이션,39.3
사이버텔브릿지.json,사이버텔브릿지,49.15
사이텍스정보기술.json,사이텍스정보기술,31.77
사조산업.json,사조산업,46.14
사트너아이티.json,사트너아이티,30.96
산업마케팅.json,산업마케팅,44.22
산와대부.json,산와대부,55.01
산하.json,산하,31.85
삼광.json,삼광,33.06
삼구아이앤씨.json,삼구아이앤씨,72.08
삼두정보기술.json,삼두정보기술,23.47
삼미정보시스템.json,삼미정보시스템,37.75
삼보모터스.json,삼보모터스,59.3
삼성디스플레이.json,삼성디스플레이,72.69
삼성디지컴.json,삼성디지컴,34.56
삼성메디슨.json,삼성메디슨,70.31
삼성바이오로직스.json,삼성바이오로직스,74.48
삼성에스디에스.json,삼성에스디에스,77.18
삼성웰스토리.json,삼성웰스토리,70.12
삼성이앤에이.json,삼성이앤에이,78.4
삼성전기.json,삼성전기,73.43
삼성전자.json,삼성전자,89.04
삼성전자판매.json,삼성전자판매,64.06
삼성제약.json,삼성제약,69.03
삼성증권.json,삼성증권,76.98
삼성화재서비스손해사정.json,삼성화재서비스손해사정,69.13
삼성화재해상보험.json,삼성화재해상보험,77.08
삼신.json,삼신,38.53
삼신테크.json,삼신테크,40.46
삼안.json,삼안,67.47
삼양데이타시스템.json,삼양데이타시스템,56.91
삼양식품.json,삼양식품,71.14
삼영에스앤씨.json,삼영에스앤씨,41.45
삼영이엔씨.json,삼영이엔씨,37.9
삼우.json,삼우,52.13
삼원특수지.json,삼원특수지,75.73
삼일감정평가법인.json,삼일감정평가법인,36.49
삼일아엔씨.json,삼일아엔씨,50.45
삼일정보시스템.json,삼일정보시스템,16.62
삼일제약.json,삼일제약,73.7
삼일회계법인.json,삼일회계법인,68.59
삼정데이타서비스.json,삼정데이타서비스,41.37
삼정케이피엠지.json,삼정케이피엠지,34.11
삼정펄프.json,삼정펄프,61.76
삼표.json,삼표,34.46
삼현비앤이.json,삼현비앤이,43.33
삼호개발.json,삼호개발,49.07
삼화양행.json,삼화양행,54.71
삼화왕관.json,삼화왕관,59.08
상록아이엔씨.json,상록아이엔씨,30.65
상상스토리.json,상상스토리,45.31
상상인.json,상상인,43.01
상아매니지먼트컨설팅.json,상아매니지먼트컨설팅,43.67
상아프론테크.json,상아프론테크,70.18
상화.json,상화,52.13
새롬정보시스템.json,새롬정보시스템,43.87
새마을금고중앙회.json,새마을금고중앙회,71.08
새마을운동중앙회.json,새마을운동중앙회,31.09
새서울레저.json,새서울레저,44.76
새암정보시스템.json,새암정보시스템,22.3
새하정보시스템.json,새하정보시스템,27.55
새힘정보기술.json,새힘정보기술,32.15
샘표.json,샘표,70.0
샤넬코리아(유).json,샤넬코리아(유),63.56
서경방송.json,서경방송,33.2
서경시스템.json,서경시스템,21.48
서경엔씨에스.json,서경엔씨에스,38.48
서남아이에스.json,서남아이에스,27.28
서드웨이브.json,서드웨이브,27.88
서림테크놀로지.json,서림테크놀로지,41.25
서번텍.json,서번텍,39.85
서비스에이스.json,서비스에이스,45.02
서빅.json,서빅,40.72
서영엔지니어링.json,서영엔지니어링,53.4
서영정밀.json,서영정밀,34.67
서울경제신문.json,서울경제신문,57.76
서울대학교병원.json,서울대학교병원,64.45
서울데이타통신.json,서울데이타통신,48.58
서울도시철도엔지니어링.json,서울도시철도엔지니어링,48.59
서울반도체.json,서울반도체,59.82
서울보증보험.json,서울보증보험,59.57
서울스탠다드.json,서울스탠다드,40.75
서울시립대학교.json,서울시립대학교,45.45
서울신문사.json,서울신문사,52.7
서울에프에이.json,서울에프에이,30.17
서울엔지니어링.json,서울엔지니어링,37.75
서울우유협동조합.json,서울우유협동조합,54.87
서울의과학연구소.json,서울의과학연구소,42.32
서울특별시보라매병원.json,서울특별시보라매병원,47.93
서울특별시성동구도시관리공단.json,서울특별시성동구도시관리공단,31.74
서윤소프트.json,서윤소프트,19.0
서진산전.json,서진산전,24.69
서진시스템.json,서진시스템,52.0
서진캠.json,서진캠,51.51
서커스컴퍼니.json,서커스컴퍼니,42.83
서한.json,서한,58.0
서한사.json,서한사,25.85
서호전기.json,서호전기,75.23
서흥인터내셔날.json,서흥인터내셔날,49.16
석산텔레콤.json,석산텔레콤,25.32
선도소프트.json,선도소프트,38.33
선앤엘인테리어.json,선앤엘인테리어,44.8
선인자동차.json,선인자동차,57.48
선정인터내셔날.json,선정인터내셔날,51.24
선진모터스.json,선진모터스,45.12
설텍.json,설텍,28.77
섬엔지니어링.json,섬엔지니어링,26.56
성도이엔지.json,성도이엔지,78.27
성문전자.json,성문전자,42.35
성민네트웍스.json,성민네트웍스,28.62
성신양회.json,성신양회,65.73
성원아이북랜드.json,성원아이북랜드,63.3
성원애드피아.json,성원애드피아,54.26
성주디앤디.json,성주디앤디,74.11
성지정보통신.json,성지정보통신,31.8
성진하이텍.json,성진하이텍,37.76
성창기업지주.json,성창기업지주,49.67
세계일보.json,세계일보,44.82
세기알앤디.json,세기알앤디,49.72
세기하이텍.json,세기하이텍,29.47
세나클.json,세나클,47.43
세나테크놀로지.json,세나테크놀로지,51.15
세니온.json,세니온,45.0
세렉스.json,세렉스,38.41
세리정보기술.json,세리정보기술,40.11
세림티에스지.json,세림티에스지,33.63
세메스.json,세메스,74.32
세무법인 신승.json,세무법인 신승,42.33
세미티에스.json,세미티에스,39.74
세바코리아.json,세바코리아,52.33
세븐에듀.json,세븐에듀,40.86
세송아이티.json,세송아이티,37.03
세시소프트.json,세시소프트,44.83
세아네트웍스.json,세아네트웍스,57.17
세아씨엔티.json,세아씨엔티,30.71
세안홀딩스.json,세안홀딩스,36.82
세연아이넷.json,세연아이넷,34.25
세영정보통신.json,세영정보통신,30.18
세오.json,세오,47.05
세원계전.json,세원계전,17.8
세원아토스.json,세원아토스,39.31
세원이앤씨.json,세원이앤씨,61.92
세원전자.json,세원전자,45.05
세이디에스.json,세이디에스,39.87
세이정보기술.json,세이정보기술,28.84
세이프텍리서치.json,세이프텍리서치,28.8
세인블루텍.json,세인블루텍,32.38
세인씨앤씨.json,세인씨앤씨,34.99
세인인포테크.json,세인인포테크,36.72
세일철강.json,세일철강,28.73
세일코리아넷.json,세일코리아넷,53.07
세정.json,세정,59.4
세정아이앤씨.json,세정아이앤씨,57.49
세종기술.json,세종기술,39.03
세종대학교산학협력단.json,세종대학교산학협력단,37.69
세종데이터시스템.json,세종데이터시스템,41.97
세종텔레콤.json,세종텔레콤,57.41
세종파마텍.json,세종파마텍,76.73
세진중공업.json,세진중공업,52.67
세코닉스.json,세코닉스,69.86
세하.json,세하,44.2
섹타나인.json,섹타나인,91.92
센시리온오토모티브솔루션즈코리아.json,센시리온오토모티브솔루션즈코리아,35.81
센클라우드.json,센클라우드,41.66
센트비타.json,센트비타,20.85
셀루메드.json,셀루메드,65.25
셀리지온.json,셀리지온,42.26
셀메이트.json,셀메이트,48.95
셀빅.json,셀빅,37.51
셀코스.json,셀코스,42.76
셀트리온제약.json,셀트리온제약,67.47
셀파소프트.json,셀파소프트,40.27
소너텍.json,소너텍,29.79
소니인터랙티브엔터테인먼트코리아.json,소니인터랙티브엔터테인먼트코리아,60.52
소니코리아.json,소니코리아,55.54
소닉스.json,소닉스,30.08
소만사.json,소만사,69.77
소슬데이타.json,소슬데이타,30.91
소프트가든.json,소프트가든,24.77
소프트넷.json,소프트넷,26.18
소프트닉스.json,소프트닉스,35.51
소프트라인.json,소프트라인,34.23
소프트베이스.json,소프트베이스,35.04
소프트상상.json,소프트상상,30.3
소프트센.json,소프트센,48.58
소프트아이텍.json,소프트아이텍,41.81
소프트와이드시큐리티.json,소프트와이드시큐리티,30.61
소프트웍스.json,소프트웍스,43.48
소프트원.json,소프트원,49.22
소프트웨어품질연구소.json,소프트웨어품질연구소,41.35
소프트자이온.json,소프트자이온,38.47
소프트파워.json,소프트파워,45.22
손스에듀.json,손스에듀,37.75
손해보험협회.json,손해보험협회,50.65
솔닥.json,솔닥,18.19
솔레오.json,솔레오,39.18
솔레오코스메틱.json,솔레오코스메틱,38.79
솔루게이트.json,솔루게이트,35.39
솔루더스.json,솔루더스,39.28
솔루비스.json,솔루비스,31.29
솔루션링크.json,솔루션링크,32.95
솔루션앤서비스.json,솔루션앤서비스,24.7
솔루엠.json,솔루엠,52.37
솔루피아.json,솔루피아,25.29
솔리데오시스템즈.json,솔리데오시스템즈,46.24
솔모정보기술.json,솔모정보기술,37.69
솔버아이티.json,솔버아이티,31.41
솔웨이테크.json,솔웨이테크,41.59
솔인시스템.json,솔인시스템,35.91
솔탑.json,솔탑,66.48
솔텍시스템.json,솔텍시스템,27.86
송우산업.json,송우산업,36.11
수산아이앤티.json,수산아이앤티,46.4
수산업협동조합중앙회.json,수산업협동조합중앙회,56.67
수성엔지니어링.json,수성엔지니어링,77.8
수펙스테크놀러지.json,수펙스테크놀러지,50.69
수학사랑.json,수학사랑,38.07
수현.json,수현,43.83
수협은행.json,수협은행,62.36
숭실대학교.json,숭실대학교,48.4
숲소리.json,숲소리,41.02
쉐어마인드.json,쉐어마인드,37.15
쉬모스랩.json,쉬모스랩,7.51
슈나이더일렉트릭코리아.json,슈나이더일렉트릭코리아,59.64
슈빅.json,슈빅,37.36
슈어엠.json,슈어엠,50.34
슈퍼솔루션.json,슈퍼솔루션,40.0
슈프리마.json,슈프리마,56.42
슈프리마에이치큐.json,슈프리마에이치큐,79.4
슈피겐코리아.json,슈피겐코리아,68.2
스노우파이프.json,스노우파이프,38.41
스데반정보.json,스데반정보,37.74
스마일게이트메가포트.json,스마일게이트메가포트,47.87
스마일게이트홀딩스.json,스마일게이트홀딩스,61.59
스마일드래곤.json,스마일드래곤,45.27
스마일서브.json,스마일서브,39.69
스마트게이트.json,스마트게이트,33.11
스마트솔루션즈.json,스마트솔루션즈,42.31
스마트스코어.json,스마트스코어,54.33
스마트아이씨티.json,스마트아이씨티,34.58
스마트어스.json,스마트어스,29.94
스마트저축은행.json,스마트저축은행,46.6
스마트팩토리.json,스마트팩토리,28.57
스마트포트테크놀로지.json,스마트포트테크놀로지,33.39
스마트푸드네트웍스.json,스마트푸드네트웍스,42.06
스마틱스.json,스마틱스,37.4
스왈라비.json,스왈라비,24.99
스카이피플.json,스카이피플,31.2
스코넥 엔터테인먼.json,스코넥 엔터테인먼,49.07
스콥정보통신.json,스콥정보통신,41.38
스크린정보통신.json,스크린정보통신,35.22
스킨알엑스.json,스킨알엑스,36.27
스타일쉽.json,스타일쉽,38.24
스타자동차.json,스타자동차,44.8
스타파이낸셜서비시스.json,스타파이낸셜서비시스,29.86
스탁컴퍼니.json,스탁컴퍼니,45.58
스탭포유.json,스탭포유,56.34
스탯앤코.json,스탯앤코,38.15
스테이션3.json,스테이션3,51.8
스템코.json,스템코,63.66
스톤위즈.json,스톤위즈,32.11
스톰미디어.json,스톰미디어,44.71
스튜디오갈릴레이.json,스튜디오갈릴레이,39.01
스튜디오블룸.json,스튜디오블룸,39.79
스트롱홀드로보틱스.json,스트롱홀드로보틱스,50.24
스패로우.json,스패로우,29.22
스페이스톡.json,스페이스톡,36.89
스펙스.json,스펙스,41.07
스펙트라.json,스펙트라,44.32
스포피드.json,스포피드,44.92
스프링웍스.json,스프링웍스,35.7
스피드정보통신.json,스피드정보통신,32.57
스피디.json,스피디,33.28
스피쿠스.json,스피쿠스,45.55
스필.json,스필,42.79
승일.json,승일,72.06
시그네틱스.json,시그네틱스,50.32
시냅스이미징.json,시냅스이미징,44.78
시너젠.json,시너젠,31.23
시너지컨설팅.json,시너지컨설팅,44.85
시노트란스코리아쉬핑.json,시노트란스코리아쉬핑,41.89
시대고시기획시대교육.json,시대고시기획시대교육,54.32
시드아이티.json,시드아이티,40.83
시루정보.json,시루정보,43.44
시몬스.json,시몬스,77.5
시사아카데미.json,시사아카데미,48.68
시선아이티.json,시선아이티,40.31
시스게이트.json,시스게이트,68.09
시스웍.json,시스웍,35.94
시스원.json,시스원,53.44
시스윈로보틱스.json,시스윈로보틱스,91.38
시스템뱅크.json,시스템뱅크,28.39
시스템베이스.json,시스템베이스,38.87
시스트로닉스.json,시스트로닉스,36.28
시앤지원.json,시앤지원,34.52
시어스랩.json,시어스랩,46.7
시에라베이스.json,시에라베이스,22.53
시온솔루션.json,시온솔루션,33.89
시와소프트.json,시와소프트,19.58
시원.json,시원,31.14
시지메드텍.json,시지메드텍,44.0
시큐레이어.json,시큐레이어,58.86
시큐리타스코리아.json,시큐리타스코리아,53.83
시큐브.json,시큐브,45.89
시큐아이.json,시큐아이,52.55
시큐어스.json,시큐어스,34.27
시큐어원.json,시큐어원,44.22
시큐어플레어.json,시큐어플레어,17.92
시큐에버.json,시큐에버,36.09
시크릿타운.json,시크릿타운,40.43
시터스.json,시터스,40.64
신도리코.json,신도리코,71.4
신라교역.json,신라교역,47.15
신라시스템.json,신라시스템,37.2
신라에이치엠.json,신라에이치엠,81.22
신보.json,신보,46.38
신비앤텍.json,신비앤텍,77.55
신비웹.json,신비웹,55.5
신성글로벌네트워크.json,신성글로벌네트워크,31.96
신성씨앤에스.json,신성씨앤에스,43.44
신성이엔지.json,신성이엔지,54.67
신성통상.json,신성통상,88.81
신세계.json,신세계,74.55
신세계건설.json,신세계건설,51.44
신세계디에프.json,신세계디에프,60.65
신세계아이앤씨.json,신세계아이앤씨,84.52
신세계인터내셔날.json,신세계인터내셔날,70.11
신세계푸드.json,신세계푸드,67.24
신양금속공업.json,신양금속공업,43.57
신영증권.json,신영증권,67.2
신원.json,신원,70.97
신텍정보시스템.json,신텍정보시스템,39.39
신한디에스.json,신한디에스,76.29
신한서브.json,신한서브,70.32
신한이지손해보험.json,신한이지손해보험,66.18
신한저축은행.json,신한저축은행,54.56
신한정밀.json,신한정밀,38.83
신한카드.json,신한카드,73.34
신한투자증권.json,신한투자증권,70.2
신한항업.json,신한항업,47.27
신화씨엔에스.json,신화씨엔에스,36.92
신화인터텍.json,신화인터텍,41.14
신흥에스이씨.json,신흥에스이씨,63.96
신흥정밀.json,신흥정밀,48.12
신흥정보통신.json,신흥정보통신,35.69
심네트.json,심네트,46.85
십이지.json,십이지,42.48
싱크테크노.json,싱크테크노,24.35
싸이맥스.json,싸이맥스,48.27
싸이몬.json,싸이몬,55.16
싸이버로지텍.json,싸이버로지텍,56.94
싸이버시스템.json,싸이버시스템,40.29
싸이버원.json,싸이버원,50.3
싸이버테크.json,싸이버테크,40.41
싸이웍스.json,싸이웍스,44.23
싸이웰시스템.json,싸이웰시스템,40.4
싸이텍코리아.json,싸이텍코리아,37.91
싸인텔레콤.json,싸인텔레콤,75.49
쌍방울.json,쌍방울,77.36
쌍용정보통신.json,쌍용정보통신,81.93
써니전자.json,써니전자,40.89
써모피셔사이언티픽코리아.json,써모피셔사이언티픽코리아,66.68
써밋디자인.json,써밋디자인,26.0
써티웨어.json,써티웨어,40.24
썬앳푸드.json,썬앳푸드,58.33
썬테크노이십일.json,썬테크노이십일,23.75
썸에이지.json,썸에이지,39.4
쎄믹스.json,쎄믹스,48.6
쎄크.json,쎄크,43.89
쎄트렉아이.json,쎄트렉아이,58.08
쎌바이오텍.json,쎌바이오텍,78.06
쎌바이오텍인터내셔날.json,쎌바이오텍인터내셔날,20.52
쏘닉스.json,쏘닉스,41.04
쏘테크.json,쏘테크,44.12
쏠리드.json,쏠리드,53.04
쏠리드윈텍.json,쏠리드윈텍,44.83
쏨니아.json,쏨니아,52.2
쓰리디팩토리.json,쓰리디팩토리,46.02
쓰리뷰.json,쓰리뷰,39.18
쓰리에이치에스.json,쓰리에이치에스,33.51
쓰리웨이.json,쓰리웨이,42.75
쓰리탑.json,쓰리탑,41.71
씨게이트.json,씨게이트,67.94
씨넥스존.json,씨넥스존,45.88
씨드앤파트너스.json,씨드앤파트너스,17.33
씨디네트웍스.json,씨디네트웍스,60.65
씨디데이타.json,씨디데이타,21.64
씨디콤코리아.json,씨디콤코리아,39.24
씨메스.json,씨메스,33.54
씨브이네트.json,씨브이네트,64.77
씨씨미디어서비스.json,씨씨미디어서비스,40.78
씨아이솔루션.json,씨아이솔루션,47.27
씨아이에이열린교육.json,씨아이에이열린교육,42.75
씨알에스큐브.json,씨알에스큐브,48.21
씨앤디팩토리.json,씨앤디팩토리,38.75
씨앤비시스템.json,씨앤비시스템,34.88
씨앤씨메디팜.json,씨앤씨메디팜,27.55
씨앤에스솔루션.json,씨앤에스솔루션,35.49
씨앤에스자산관리.json,씨앤에스자산관리,58.82
씨앤엠소프트.json,씨앤엠소프트,35.56
씨앤유글로벌.json,씨앤유글로벌,23.07
씨앤이정보.json,씨앤이정보,38.99
씨앤지마이크로웨이브.json,씨앤지마이크로웨이브,36.94
씨앤토트.json,씨앤토트,46.43
씨앤토트플러스.json,씨앤토트플러스,51.61
씨앤피에스.json,씨앤피에스,40.43
씨어스테크놀로지.json,씨어스테크놀로지,70.45
씨에스.json,씨에스,40.8
씨에스리.json,씨에스리,49.21
씨에스아이엔테크.json,씨에스아이엔테크,44.17
씨에스에이코스믹.json,씨에스에이코스믹,48.09
씨에스윈드.json,씨에스윈드,69.19
씨에스플러스.json,씨에스플러스,40.75
씨에이에스.json,씨에이에스,27.11
씨엔비스.json,씨엔비스,26.74
씨엔아이테크.json,씨엔아이테크,13.25
씨엔이.json,씨엔이,31.95
씨엔티테크.json,씨엔티테크,46.12
씨엔피테크.json,씨엔피테크,33.5
씨엘엠앤에스.json,씨엘엠앤에스,44.62
씨엠티정보통신.json,씨엠티정보통신,46.88
씨유메디칼시스템.json,씨유메디칼시스템,43.76
씨유박스.json,씨유박스,48.36
씨이랩.json,씨이랩,44.15
씨제이메조미디어.json,씨제이메조미디어,63.84
씨제이바이오사이언스.json,씨제이바이오사이언스,52.44
씨제이씨지브이.json,씨제이씨지브이,65.2
씨제이에스.json,씨제이에스,35.57
씨제이텔레닉스.json,씨제이텔레닉스,42.92
씨제이포디플렉스.json,씨제이포디플렉스,40.96
씨젠.json,씨젠,90.74
씨젠의료재단.json,씨젠의료재단,80.15
씨지에스아이티.json,씨지에스아이티,37.06
씨커스.json,씨커스,33.59
씨케이앤비.json,씨케이앤비,41.55
씨케이코퍼레이션즈.json,씨케이코퍼레이션즈,53.22
씨큐윈.json,씨큐윈,36.85
씨티알.json,씨티알,70.35
씨티케이.json,씨티케이,77.17
씽크에이티.json,씽크에이티,30.31
씽크엠.json,씽크엠,39.32
씽크트리.json,씽크트리,36.55
씽크포비엘.json,씽크포비엘,37.11
씽크풀.json,씽크풀,45.51
아네스트코리아.json,아네스트코리아,34.81
아데나소프트.json,아데나소프트,37.46
아데코코리아.json,아데코코리아,74.5
아란타.json,아란타,38.78
아레스.json,아레스,29.43
아레이몬드 유한책임회사.json,아레이몬드 유한책임회사,45.42
아로정보기술.json,아로정보기술,43.69
아론.json,아론,35.28
아론티어.json,아론티어,34.76
아롬정보기술.json,아롬정보기술,34.02
아리모아.json,아리모아,40.56
아리엘네트웍스.json,아리엘네트웍스,37.2
아리온통신.json,아리온통신,41.04
아마노코리아.json,아마노코리아,42.32
아만타.json,아만타,41.79
아머드 프레시.json,아머드 프레시,43.12
아모센스.json,아모센스,23.08
아모제푸드.json,아모제푸드,69.98
아모텍.json,아모텍,66.11
아몽솔루션.json,아몽솔루션,33.18
아미넷.json,아미넷,13.08
아미코스메틱.json,아미코스메틱,57.09
아반소프트.json,아반소프트,41.7
아반스트레이트코리아.json,아반스트레이트코리아,63.35
아발론교육.json,아발론교육,24.27
아비즈.json,아비즈,60.0
아비츠커뮤니케이션즈.json,아비츠커뮤니케이션즈,28.18
아사달.json,아사달,54.61
아사히카세이마이크로디바이스코리아.json,아사히카세이마이크로디바이스코리아,38.54
아성다이소.json,아성다이소,61.04
아성에이치엠피.json,아성에이치엠피,47.34
아세테크.json,아세테크,38.59
아셀씨앤아이.json,아셀씨앤아이,33.56
아스타아이비에스.json,아스타아이비에스,70.01
아스템즈.json,아스템즈,47.72
아시아경제.json,아시아경제,71.86
아시아나아이디티.json,아시아나아이디티,61.51
아영에프비씨.json,아영에프비씨,54.71
아와소프트.json,아와소프트,39.13
아워콤.json,아워콤,46.13
아워홈.json,아워홈,68.02
아이글라스.json,아이글라스,32.1
아이네크.json,아이네크,29.82
아이네트호스팅.json,아이네트호스팅,27.33
아이넷뱅크.json,아이넷뱅크,34.36
아이넷시스템즈.json,아이넷시스템즈,31.26
아이닉스.json,아이닉스,32.95
아이디노.json,아이디노,33.56
아이디벨.json,아이디벨,32.09
아이디스.json,아이디스,49.59
아이디어콘서트.json,아이디어콘서트,41.99
아이디에스앤트러스트.json,아이디에스앤트러스트,32.67
아이디피.json,아이디피,47.48
아이디헬스케어그룹.json,아이디헬스케어그룹,56.98
아이러시.json,아이러시,48.17
아이로지스틱스.json,아이로지스틱스,65.12
아이마켓코리아.json,아이마켓코리아,70.91
아이메디컴.json,아이메디컴,39.96
아이모션.json,아이모션,40.28
아이뱅크[디지털웍.json,아이뱅크[디지털웍,53.5
아이보리.json,아이보리,49.09
아이브이엠.json,아이브이엠,36.33
아이비데이타.json,아이비데이타,33.83
아이비리더스.json,아이비리더스,41.36
아이비센터.json,아이비센터,22.96
아이비스코리아.json,아이비스코리아,43.99
아이비젼웍스.json,아이비젼웍스,37.96
아이비커리어.json,아이비커리어,56.9
아이비케이시스템.json,아이비케이시스템,61.89
아이비케이연금보험.json,아이비케이연금보험,55.58
아이비케이투자증권.json,아이비케이투자증권,61.22
아이서티.json,아이서티,41.18
아이센스에프앤비.json,아이센스에프앤비,51.94
아이센스에프앤씨.json,아이센스에프앤씨,53.45
아이셋디에이.json,아이셋디에이,38.38
아이스앤브이.json,아이스앤브이,43.22
아이스크림미디어.json,아이스크림미디어,59.8
아이스크림에듀.json,아이스크림에듀,63.28
아이스톰.json,아이스톰,32.09
아이스트로.json,아이스트로,46.38
아이시스테크놀러지.json,아이시스테크놀러지,29.02
아이시티정보.json,아이시티정보,22.29
아이시프트.json,아이시프트,32.3
아이쓰리시스템.json,아이쓰리시스템,55.69
아이씨비.json,아이씨비,70.74
아이씨티웨이.json,아이씨티웨이,47.53
아이아이컴바인드.json,아이아이컴바인드,74.79
아이알에스소프트코리아.json,아이알에스소프트코리아,29.46
아이앤비넷.json,아이앤비넷,35.74
아이앤씨파트너스.json,아이앤씨파트너스,28.41
아이앤텍.json,아이앤텍,41.3
아이앤티시스템.json,아이앤티시스템,37.79
아이언밸리.json,아이언밸리,17.39
아이에스시.json,아이에스시,80.41
아이에스에프넷 코.json,아이에스에프넷 코,48.5
아이에스엔솔루션.json,아이에스엔솔루션,37.01
아이에스오에스컨설팅.json,아이에스오에스컨설팅,32.6
아이에스테크놀로지.json,아이에스테크놀로지,46.41
아이에스티엔.json,아이에스티엔,42.49
아이엔테크.json,아이엔테크,16.38
아이엘사이언스.json,아이엘사이언스,53.38
아이엘케이코리아.json,아이엘케이코리아,33.92
아이엘포유.json,아이엘포유,46.03
아이엠그루.json,아이엠그루,24.3
아이엠뱅크.json,아이엠뱅크,68.55
아이엠비씨.json,아이엠비씨,81.33
아이엠씨게임즈.json,아이엠씨게임즈,47.34
아이엠아이.json,아이엠아이,50.07
아이엠알.json,아이엠알,27.05
아이엠애드리퍼블릭.json,아이엠애드리퍼블릭,38.85
아이엠에스모빌리티.json,아이엠에스모빌리티,44.24
아이엠캐피탈.json,아이엠캐피탈,53.22
아이엠티소프트.json,아이엠티소프트,31.92
아이엠폼.json,아이엠폼,42.13
아이온커뮤니케이션즈.json,아이온커뮤니케이션즈,77.91
아이와이씨앤씨.json,아이와이씨앤씨,47.26
아이윈백시스템.json,아이윈백시스템,30.59
아이이이에이글로벌캠퍼스이에이국제전형.json,아이이이에이글로벌캠퍼스이에이국제전형,7.01
아이젝스.json,아이젝스,43.98
아이젠테크.json,아이젠테크,24.4
아이즈비전.json,아이즈비전,43.65
아이지.json,아이지,39.16
아이지씨인증원.json,아이지씨인증원,36.09
아이지에스.json,아이지에스,74.72
아이지에이웍스.json,아이지에이웍스,58.57
아이캔매니지먼트.json,아이캔매니지먼트,38.02
아이코다.json,아이코다,41.12
아이코어스.json,아이코어스,18.55
아이콘.json,아이콘,24.23
아이콘소프트.json,아이콘소프트,38.51
아이퀘스트.json,아이퀘스트,50.45
아이큐패드.json,아이큐패드,40.83
아이크래프트.json,아이크래프트,59.85
아이템베이.json,아이템베이,66.11
아이톡시.json,아이톡시,64.41
아이투맥스.json,아이투맥스,50.72
아이트럭.json,아이트럭,34.42
아이티네이드.json,아이티네이드,42.3
아이티더블유피피앤에프코리아.json,아이티더블유피피앤에프코리아,32.82
아이티메이트.json,아이티메이트,38.39
아이티사이언스.json,아이티사이언스,48.64
아이티스정보통신.json,아이티스정보통신,34.99
아이티아이에스.json,아이티아이에스,32.18
아이티아이즈.json,아이티아이즈,54.47
아이티앤.json,아이티앤,35.16
아이티앤씨.json,아이티앤씨,42.92
아이티어.json,아이티어,15.11
아이티언.json,아이티언,39.58
아이티에스노아.json,아이티에스노아,42.88
아이티에스컨버젼스.json,아이티에스컨버젼스,42.11
아이티엠건축사사무.json,아이티엠건축사사무,48.14
아이티엠반도체.json,아이티엠반도체,51.45
아이티이지.json,아이티이지,41.92
아이티젠.json,아이티젠,40.65
아이티커머스코리아.json,아이티커머스코리아,22.79
아이티콤.json,아이티콤,37.78
아이티트레인.json,아이티트레인,33.24
아이파킹.json,아이파킹,55.85
아이패밀리에스씨.json,아이패밀리에스씨,76.32
아이페이지온.json,아이페이지온,39.24
아이페타.json,아이페타,35.41
아이포터.json,아이포터,42.71
아이피그룹.json,아이피그룹,48.15
아이하트.json,아이하트,38.13
아이헤이트플라잉버그스.json,아이헤이트플라잉버그스,60.59
아인스시스템.json,아인스시스템,39.69
아인시스아이엔씨.json,아인시스아이엔씨,45.16
아인텔레서비스.json,아인텔레서비스,63.27
아일리스프런티어.json,아일리스프런티어,31.32
아임에버.json,아임에버,36.92
아임유.json,아임유,47.07
아임클라우드.json,아임클라우드,39.21
아주뉴스코퍼레이션.json,아주뉴스코퍼레이션,47.35
아주스틸.json,아주스틸,45.59
아주약품.json,아주약품,78.72
아침소프트.json,아침소프트,31.87
아카넷.json,아카넷,41.87
아카라라이프.json,아카라라이프,38.67
아크라인소프트.json,아크라인소프트,27.69
아크릴.json,아크릴,39.22
아테코.json,아테코,41.72
아토리서치.json,아토리서치,40.68
아토텍코리아.json,아토텍코리아,45.78
아톰상사.json,아톰상사,35.44
아트정보기술.json,아트정보기술,32.55
아티스트유나이티드.json,아티스트유나이티드,44.8
아펙스.json,아펙스,42.89
아프로시스.json,아프로시스,35.94
악사손해보험.json,악사손해보험,63.12
안랩.json,안랩,66.41
알래스카인디고.json,알래스카인디고,39.37
알리엑스.json,알리엑스,36.93
알림시스템.json,알림시스템,39.23
알볼로에프앤씨.json,알볼로에프앤씨,52.71
알비에치.json,알비에치,34.16
알세미.json,알세미,39.46
알씨아이파이낸셜서비스코리아.json,알씨아이파이낸셜서비스코리아,55.59
알앤비소프트.json,알앤비소프트,53.1
알에스포.json,알에스포,40.83
알에이치에스엔씨.json,알에이치에스엔씨,39.79
알에이치코리아.json,알에이치코리아,50.18
알에프메디컬.json,알에프메디컬,45.2
알에프세미.json,알에프세미,48.89
알에프텍.json,알에프텍,61.14
알엠피.json,알엠피,38.69
알지티.json,알지티,38.68
알테어엔지니어링.json,알테어엔지니어링,50.15
알투소프트.json,알투소프트,28.22
알티올.json,알티올,37.39
알티자동화.json,알티자동화,36.16
알티캐스트.json,알티캐스트,52.02
알파.json,알파,59.37
알파녹스.json,알파녹스,59.45
알피네트웍스.json,알피네트웍스,31.81
알피니언메디칼시스템.json,알피니언메디칼시스템,68.66
애거슨.json,애거슨,34.68
애니스마트.json,애니스마트,34.22
애니시큐어.json,애니시큐어,29.66
애니플러스.json,애니플러스,57.98
애드민.json,애드민,65.04
애드사운드.json,애드사운드,31.18
애드이피션시.json,애드이피션시,54.84
애드캡슐소프트.json,애드캡슐소프트,50.75
애드크림.json,애드크림,33.57
애자일소다.json,애자일소다,32.04
애즈랜드.json,애즈랜드,46.67
애터미.json,애터미,56.49
애플아울렛.json,애플아울렛,41.0
액토즈소프트.json,액토즈소프트,79.71
앤드와이즈.json,앤드와이즈,40.39
앤모빌리티.json,앤모빌리티,38.29
앤비어스.json,앤비어스,39.54
앤시정보기술.json,앤시정보기술,42.2
앤씨앤.json,앤씨앤,54.39
앤아이에스.json,앤아이에스,26.08
앤앤에스피.json,앤앤에스피,42.81
앤츠.json,앤츠,29.76
앤커웨이브.json,앤커웨이브,37.9
앱튜브.json,앱튜브,32.12
앵커데이터.json,앵커데이터,15.7
야놀자.json,야놀자,86.52
야디지코리아.json,야디지코리아,22.13
야마하뮤직코리아.json,야마하뮤직코리아,56.97
양재미디어.json,양재미디어,40.97
양재아이티.json,양재아이티,33.61
양지사.json,양지사,54.13
어니컴.json,어니컴,48.08
어드밴텍케이알.json,어드밴텍케이알,53.5
어바웃펫.json,어바웃펫,68.13
어반데이터랩.json,어반데이터랩,33.01
어보브반도체.json,어보브반도체,60.93
어빌리티시스템즈.json,어빌리티시스템즈,46.59
어세스타.json,어세스타,44.79
언어과학.json,언어과학,38.87
얼리소프트.json,얼리소프트,35.05
업스테이지.json,업스테이지,48.45
에너지움.json,에너지움,45.88
에니아소프트.json,에니아소프트,38.95
에니텍시스.json,에니텍시스,41.92
에듀서브.json,에듀서브,42.97
에듀엔터닷컴.json,에듀엔터닷컴,37.05
에드워드코리아.json,에드워드코리아,86.87
에드원.json,에드원,38.14
에릭슨엘지.json,에릭슨엘지,54.87
에몬스가구.json,에몬스가구,54.19
에버스핀.json,에버스핀,49.15
에버트러스트정보기술.json,에버트러스트정보기술,41.92
에브리데이해피.json,에브리데이해피,47.15
에브리봇.json,에브리봇,48.74
에센티스.json,에센티스,45.45
에스넷시스템.json,에스넷시스템,79.02
에스넷아이씨티.json,에스넷아이씨티,40.15
에스더블유엠.json,에스더블유엠,49.11
에스디몰.json,에스디몰,32.29
에스디씨아이티.json,에스디씨아이티,43.45
에스디에이.json,에스디에이,42.07
에스디티.json,에스디티,21.75
에스브이에스.json,에스브이에스,39.46
에스비시스템즈.json,에스비시스템즈,27.49
에스비아이저축은행.json,에스비아이저축은행,60.46
에스비에스콘텐츠허브.json,에스비에스콘텐츠허브,59.88
에스비티글로벌.json,에스비티글로벌,27.07
에스씨아이평가정보.json,에스씨아이평가정보,60.06
에스씨엘.json,에스씨엘,43.3
에스씨엘헬스케어.json,에스씨엘헬스케어,41.15
에스씨지솔루션즈.json,에스씨지솔루션즈,53.89
에스씨케이컴퍼니.json,에스씨케이컴퍼니,65.34
에스알디퓨처스.json,에스알디퓨처스,45.79
에스알포스트.json,에스알포스트,46.24
에스앤비.json,에스앤비,29.18
에스앤아이시스템즈.json,에스앤아이시스템즈,29.39
에스앤에스위즈.json,에스앤에스위즈,15.72
에스앤유비텍.json,에스앤유비텍,26.96
에스에스비정보기술.json,에스에스비정보기술,39.49
에스에스알.json,에스에스알,48.88
에스에이치텍.json,에스에이치텍,38.82
에스에이텍.json,에스에이텍,38.57
에스에이티.json,에스에이티,42.77
에스에이티정보.json,에스에이티정보,36.85
에스에프에이.json,에스에프에이,67.21
에스에프이.json,에스에프이,55.15
에스엔디파워닉스.json,에스엔디파워닉스,25.46
에스엔에이.json,에스엔에이,44.27
에스엔티.json,에스엔티,36.77
에스엔패션그룹.json,에스엔패션그룹,58.05
에스엘솔루션.json,에스엘솔루션,35.2
에스엠벡셀.json,에스엠벡셀,38.88
에스엠소프트랩.json,에스엠소프트랩,29.64
에스엠솔루션즈.json,에스엠솔루션즈,30.32
에스엠신용정보.json,에스엠신용정보,47.05
에스엠엔터테인먼트.json,에스엠엔터테인먼트,95.56
에스엠인스트루먼트.json,에스엠인스트루먼트,29.01
에스엠코어.json,에스엠코어,70.9
에스엠투네트웍스.json,에스엠투네트웍스,35.0
에스엠티정보기술.json,에스엠티정보기술,39.41
에스오에이텔레콤.json,에스오에이텔레콤,26.28
에스와이에스리테일.json,에스와이에스리테일,66.49
에스원.json,에스원,71.76
에스원테크.json,에스원테크,21.93
에스이에스.json,에스이에스,52.12
에스이에스케이.json,에스이에스케이,38.46
에스이코리아.json,에스이코리아,21.77
에스이파트너즈.json,에스이파트너즈,36.88
에스제이더블유인터내셔널.json,에스제이더블유인터내셔널,58.32
에스제이듀코.json,에스제이듀코,51.29
에스제이정보통신.json,에스제이정보통신,31.01
에스제이지세종.json,에스제이지세종,81.52
에스지에이솔루션즈주.json,에스지에이솔루션즈주,45.24
에스케어.json,에스케어,28.99
에스케이쉴더스.json,에스케이쉴더스,82.79
에스케이실트론.json,에스케이실트론,71.67
에스케이티엔에스.json,에스케이티엔에스,54.73
에스케이하이닉스.json,에스케이하이닉스,89.78
에스코어.json,에스코어,89.24
에스큐아이소프트.json,에스큐아이소프트,47.97
에스투더블유.json,에스투더블유,41.9
에스트래픽.json,에스트래픽,54.51
에스티선랩.json,에스티선랩,43.03
에스티씨.json,에스티씨,31.29
에스티씨랩.json,에스티씨랩,32.8
에스티아이.json,에스티아이,59.39
에스티에이테스팅컨설팅.json,에스티에이테스팅컨설팅,45.55
에스티오.json,에스티오,73.19
에스티유니타스.json,에스티유니타스,54.6
에스티이엔.json,에스티이엔,41.07
에스티이지.json,에스티이지,34.15
에스피반도체통신.json,에스피반도체통신,29.25
에쓰오씨소프트.json,에쓰오씨소프트,41.57
에어리퀴드코리아.json,에어리퀴드코리아,49.33
에어부산.json,에어부산,65.97
에어코드.json,에어코드,76.11
에어큐브.json,에어큐브,37.92
에어키.json,에어키,42.42
에어텔닷컴.json,에어텔닷컴,44.18
에어퍼스트.json,에어퍼스트,50.58
에이디앤스타일.json,에이디앤스타일,48.74
에이디플로우.json,에이디플로우,31.35
에이딘로보틱스.json,에이딘로보틱스,29.3
에이루트.json,에이루트,45.65
에이브이피시스템즈.json,에이브이피시스템즈,25.5
에이블스토어.json,에이블스토어,30.63
에이블유컴즈.json,에이블유컴즈,38.44
에이블정보기술.json,에이블정보기술,39.5
에이블컴.json,에이블컴,34.6
에이비씨마트코리아.json,에이비씨마트코리아,56.6
에이비씨솔루션.json,에이비씨솔루션,35.62
에이비엘생명보험.json,에이비엘생명보험,53.68
에이스게이트.json,에이스게이트,34.21
에이스트.json,에이스트,30.95
에이시에스.json,에이시에스,42.33
에이시지알.json,에이시지알,38.91
에이씨앤티시스템.json,에이씨앤티시스템,43.04
에이씨케이.json,에이씨케이,36.76
에이아이세스.json,에이아이세스,33.13
에이아이지손해보험.json,에이아이지손해보험,48.74
에이아이트릭스.json,에이아이트릭스,32.5
에이알테크놀로지.json,에이알테크놀로지,31.12
에이앤아이.json,에이앤아이,49.22
에이앤유디자인그룹건축사사무소.json,에이앤유디자인그룹건축사사무소,76.44
에이앤티솔루션.json,에이앤티솔루션,46.76
에이에스이코리아.json,에이에스이코리아,59.68
에이에이씨티.json,에이에이씨티,52.65
에이에프오.json,에이에프오,37.05
에이엔씨인터내셔날.json,에이엔씨인터내셔날,48.85
에이엠시지.json,에이엠시지,53.29
에이엠아이.json,에이엠아이,21.48
에이엠정보.json,에이엠정보,20.93
에이엠컨설팅.json,에이엠컨설팅,41.87
에이엠피엠글로벌.json,에이엠피엠글로벌,22.63
에이원네트웍스.json,에이원네트웍스,35.48
에이원대부캐피탈.json,에이원대부캐피탈,47.91
에이원손해사정.json,에이원손해사정,54.16
에이원정보기술.json,에이원정보기술,51.28
에이이엠모빌리티.json,에이이엠모빌리티,45.79
에이전시프로.json,에이전시프로,33.67
에이젝코리아.json,에이젝코리아,59.3
에이지스비즈니스서포트.json,에이지스비즈니스서포트,30.85
에이지엘.json,에이지엘,37.94
에이취큐텍.json,에이취큐텍,33.59
에이취휴먼테크.json,에이취휴먼테크,31.4
에이치나인.json,에이치나인,47.24
에이치디씨랩스.json,에이치디씨랩스,64.41
에이치디에스.json,에이치디에스,67.45
에이치디현대미포.json,에이치디현대미포,66.08
에이치디현대인프라코어.json,에이치디현대인프라코어,70.21
에이치비엠피.json,에이치비엠피,24.32
에이치비테크놀러지.json,에이치비테크놀러지,56.86
에이치씨인포.json,에이치씨인포,37.91
에이치아이티에스.json,에이치아이티에스,40.59
에이치앤엘시스템.json,에이치앤엘시스템,35.95
에이치앤엠.json,에이치앤엠,42.9
에이치앤웍스.json,에이치앤웍스,34.21
에이치앤이루자.json,에이치앤이루자,49.65
에이치앤프랜즈.json,에이치앤프랜즈,42.07
에이치엔씨네트워크.json,에이치엔씨네트워크,64.75
에이치엔이노밸리.json,에이치엔이노밸리,32.56
에이치엘디앤아이한라.json,에이치엘디앤아이한라,60.35
에이치엘엠씨.json,에이치엘엠씨,45.83
에이치엠엠.json,에이치엠엠,75.78
에이치와이소프트.json,에이치와이소프트,52.93
에이치제이매그놀리아용평파인리즈골프앤리조트.json,에이치제이매그놀리아용평파인리즈골프앤리조트,19.42
에이치제이중공업.json,에이치제이중공업,67.9
에이치제이컬쳐.json,에이치제이컬쳐,42.75
에이치케이넷츠.json,에이치케이넷츠,24.75
에이치케이씨.json,에이치케이씨,42.07
에이치티원.json,에이치티원,23.29
에이케이씨.json,에이케이씨,39.73
에이케이아이에스.json,에이케이아이에스,33.36
에이케이정보통신.json,에이케이정보통신,25.62
에이케이플라자.json,에이케이플라자,56.76
에이콘컴퍼니.json,에이콘컴퍼니,40.79
에이텍.json,에이텍,55.23
에이텍모빌리티.json,에이텍모빌리티,65.63
에이텍시스템.json,에이텍시스템,45.89
에이텍정보기술.json,에이텍정보기술,28.79
에이텔시스텍.json,에이텔시스텍,35.25
에이투엠.json,에이투엠,44.25
에이트테크.json,에이트테크,37.11
에이티센스.json,에이티센스,43.86
에이티아이.json,에이티아이,36.02
에이티앤에스그룹.json,에이티앤에스그룹,41.31
에이티앤에스코리아.json,에이티앤에스코리아,43.7
에이티엠플러스.json,에이티엠플러스,23.65
에이펙스아이티.json,에이펙스아이티,34.36
에이프레임.json,에이프레임,38.77
에이프로젠바이오로직스.json,에이프로젠바이오로직스,48.5
에이플러스에셋어드바이저.json,에이플러스에셋어드바이저,57.82
에이피위성.json,에이피위성,52.03
에이피텍.json,에이피텍,53.82
에인트시스템.json,에인트시스템,34.73
에임메드.json,에임메드,68.35
에임시스템.json,에임시스템,67.11
에임투지.json,에임투지,37.56
에즈금융서비스.json,에즈금융서비스,48.94
에즈웰.json,에즈웰,23.68
에즈웰플러스.json,에즈웰플러스,57.67
에치에프알.json,에치에프알,49.39
에코마케팅.json,에코마케팅,62.06
에코브레인.json,에코브레인,39.89
에코센스.json,에코센스,42.47
에코시스템.json,에코시스템,30.69
에코시안.json,에코시안,43.94
에코아이티.json,에코아이티,41.31
에코트로닉스.json,에코트로닉스,34.57
에코프로.json,에코프로,60.22
에티버스이앤엘.json,에티버스이앤엘,35.35
에프아이티.json,에프아이티,39.36
에프알엘코리아.json,에프알엘코리아,62.43
에프앤가이드.json,에프앤가이드,68.31
에프앤자산평가.json,에프앤자산평가,40.03
에프에스솔루션.json,에프에스솔루션,39.86
에프에스케이엘앤에스.json,에프에스케이엘앤에스,51.07
에프에스티.json,에프에스티,84.0
에프에이솔루션.json,에프에이솔루션,46.05
에프엘이에스.json,에프엘이에스,23.66
에프엠(FM Inc.).json,에프엠(FM Inc.),35.08
에프엠에스코리아.json,에프엠에스코리아,45.35
에프엠케이(FMK).json,에프엠케이(FMK),59.34
에프원소프트.json,에프원소프트,32.14
에프투시스템.json,에프투시스템,35.31
에피넷.json,에피넷,24.9
엑사아이엔티.json,엑사아이엔티,36.94
엑셈.json,엑셈,86.61
엑소시스템즈.json,엑소시스템즈,34.2
엑스게이트.json,엑스게이트,44.12
엑스디엔소프트.json,엑스디엔소프트,20.42
엑스소프트.json,엑스소프트,33.66
엑스아이커뮤니케이션즈.json,엑스아이커뮤니케이션즈,24.96
엑스엘게임즈.json,엑스엘게임즈,56.47
엑스오비스.json,엑스오비스,47.29
엑스오소프트.json,엑스오소프트,46.27
엑스큐어.json,엑스큐어,46.1
엑스큐어넷.json,엑스큐어넷,33.89
엑스투아이.json,엑스투아이,42.11
엑스파워정보통신.json,엑스파워정보통신,42.61
엑스퍼넷.json,엑스퍼넷,68.6
엑스퍼트아이엔씨.json,엑스퍼트아이엔씨,13.13
엑스퍼트컨설팅.json,엑스퍼트컨설팅,51.43
엑스페릭스.json,엑스페릭스,44.3
엑시엄정보시스템.json,엑시엄정보시스템,37.38
엑시온그룹.json,엑시온그룹,55.83
엑시콘.json,엑시콘,65.8
엑시포씨앤에스.json,엑시포씨앤에스,34.5
엑심베이.json,엑심베이,49.01
엔디에스.json,엔디에스,86.42
엔디에스솔루션.json,엔디에스솔루션,33.35
엔라인.json,엔라인,51.23
엔미디어플랫폼.json,엔미디어플랫폼,77.83
엔비레즈.json,엔비레즈,38.16
엔비스타.json,엔비스타,32.28
엔비티.json,엔비티,64.04
엔삼.json,엔삼,35.55
엔솔루션스.json,엔솔루션스,40.75
엔시스.json,엔시스,44.75
엔시스템.json,엔시스템,45.57
엔시스템즈.json,엔시스템즈,35.9
엔시큐어.json,엔시큐어,46.18
엔쓰리.json,엔쓰리,18.64
엔씨소프트.json,엔씨소프트,81.64
엔씨아이티에스.json,엔씨아이티에스,61.83
엔씨엘.json,엔씨엘,38.03
엔에스데블.json,엔에스데블,40.47
엔에스솔루션.json,엔에스솔루션,26.84
엔에스스튜디오.json,엔에스스튜디오,25.71
엔에스아이티.json,엔에스아이티,31.32
엔에스오케이.json,엔에스오케이,52.33
엔에스텍.json,엔에스텍,39.21
엔에이치네트웍스.json,엔에이치네트웍스,28.82
엔에이치농협캐피탈.json,엔에이치농협캐피탈,93.7
엔에이치선물.json,엔에이치선물,46.73
엔에이치엔.json,엔에이치엔,79.18
엔에이치엔링크.json,엔에이치엔링크,65.94
엔에이치엔위투.json,엔에이치엔위투,61.94
엔에이치엔인재아이엔씨.json,엔에이치엔인재아이엔씨,47.56
엔에이치엔커머스.json,엔에이치엔커머스,77.04
엔엑스씨.json,엔엑스씨,63.83
엔이능률.json,엔이능률,78.31
엔젤로보틱스.json,엔젤로보틱스,47.13
엔조이소프트.json,엔조이소프트,38.97
엔지스웨이.json,엔지스웨이,29.84
엔지스테크널러지.json,엔지스테크널러지,41.78
엔지아이테크.json,엔지아이테크,33.76
엔지온시스템.json,엔지온시스템,26.67
엔지테크.json,엔지테크,39.31
엔캣.json,엔캣,47.89
엔코디.json,엔코디,17.09
엔코아.json,엔코아,46.64
엔코아링크.json,엔코아링크,23.42
엔코위더스.json,엔코위더스,19.56
엔클라우드.json,엔클라우드,30.76
엔클로니.json,엔클로니,44.0
엔키아.json,엔키아,49.96
엔터인.json,엔터인,29.36
엔텀.json,엔텀,32.76
엔테크서비스.json,엔테크서비스,63.7
엔텍정보통신.json,엔텍정보통신,45.92
엔텔스랩스.json,엔텔스랩스,39.0
엔투시스.json,엔투시스,35.35
엔투원시스템.json,엔투원시스템,40.22
엔티시스.json,엔티시스,38.18
엔티엘헬스케어.json,엔티엘헬스케어,37.88
엔티티코리아솔루션즈.json,엔티티코리아솔루션즈,38.25
엔파인.json,엔파인,49.73
엘디티.json,엘디티,40.04
엘루오씨앤씨.json,엘루오씨앤씨,54.43
엘리엇.json,엘리엇,42.42
엘리트렌탈.json,엘리트렌탈,39.84
엘림넷.json,엘림넷,47.41
엘브이엠에치코스메틱스(유).json,엘브이엠에치코스메틱스(유),77.92
엘시스.json,엘시스,29.28
엘시테크.json,엘시테크,31.74
엘씨텍.json,엘씨텍,73.87
엘아이지넥스원.json,엘아이지넥스원,61.37
엘아이지시스템.json,엘아이지시스템,40.7
엘앤에스정보기술.json,엘앤에스정보기술,39.12
엘에스글로벌인코퍼레이티드.json,엘에스글로벌인코퍼레이티드,46.4
엘에스씨시스템즈.json,엘에스씨시스템즈,37.84
엘에스엠트론.json,엘에스엠트론,89.52
엘에스웨어.json,엘에스웨어,45.94
엘에스일렉트릭.json,엘에스일렉트릭,72.16
엘에스증권(LS증권).json,엘에스증권(LS증권),66.48
엘에스컴퍼니.json,엘에스컴퍼니,42.76
엘에스케이글로벌파마서비스.json,엘에스케이글로벌파마서비스,51.45
엘엑스.json,엘엑스,40.83
엘엑스세미콘.json,엘엑스세미콘,69.81
엘엑스판토스.json,엘엑스판토스,67.19
엘오티베큠.json,엘오티베큠,52.9
엘지디스플레이.json,엘지디스플레이,67.03
엘지이노텍.json,엘지이노텍,76.25
엘지전자.json,엘지전자,76.76
엘지헬로비전.json,엘지헬로비전,55.95
엘티삼보.json,엘티삼보,59.25
엘티케이솔루션.json,엘티케이솔루션,27.0
엠게임.json,엠게임,64.65
엠디비젼.json,엠디비젼,46.98
엠디에스인텔리전스.json,엠디에스인텔리전스,53.52
엠로.json,엠로,56.1
엠브이소프텍.json,엠브이소프텍,31.55
엠브이텍.json,엠브이텍,36.38
엠비씨플레이비(키자니아).json,엠비씨플레이비(키자니아),62.87
엠서클.json,엠서클,53.11
엠쓰리모바일.json,엠쓰리모바일,46.11
엠씨씨.json,엠씨씨,39.8
엠씨에스텍.json,엠씨에스텍,48.16
엠아이비.json,엠아이비,30.05
엠아이솔루션.json,엠아이솔루션,37.78
엠아이티마스.json,엠아이티마스,51.71
엠아이티소프트.json,엠아이티소프트,28.05
엠앤와이즈.json,엠앤와이즈,43.04
엠에스에이치씨.json,엠에스에이치씨,42.39
엠에스피정보기술.json,엠에스피정보기술,41.47
엠에이치엔씨티.json,엠에이치엔씨티,35.45
엠엘소프트.json,엠엘소프트,39.27
엠제이티.json,엠제이티,24.09
엠즈씨드.json,엠즈씨드,61.95
엠지손해보험.json,엠지손해보험,50.95
엠케이전자.json,엠케이전자,69.69
엠큐닉.json,엠큐닉,71.4
엠토스솔루션스.json,엠토스솔루션스,40.61
엠투아이코퍼레이션.json,엠투아이코퍼레이션,56.37
엠투에이코리아.json,엠투에이코리아,15.89
엠투엠글로벌.json,엠투엠글로벌,39.34
엠투커뮤니티.json,엠투커뮤니티,32.86
엠투클라우드.json,엠투클라우드,32.54
엠티데이타.json,엠티데이타,43.82
엠티오메가.json,엠티오메가,38.73
엠파워시스템.json,엠파워시스템,40.59
엠포스.json,엠포스,58.13
엠플.json,엠플,27.35
엠플러스.json,엠플러스,49.27
엠피에스.json,엠피에스,50.83
엠피지오.json,엠피지오,45.53
엣데이터.json,엣데이터,42.35
엣지랭크.json,엣지랭크,51.36
연우.json,연우,41.4
연합뉴스.json,연합뉴스,61.96
연합시스템.json,연합시스템,44.38
연합인포맥스.json,연합인포맥스,54.47
열림데이타시스템.json,열림데이타시스템,23.41
영명소프트.json,영명소프트,36.01
영신금속공업.json,영신금속공업,40.54
영우디에스피.json,영우디에스피,43.14
영원무역.json,영원무역,65.46
영유통.json,영유통,31.04
영인과학.json,영인과학,50.28
영진약품.json,영진약품,62.73
영진이엘.json,영진이엘,45.25
영풍.json,영풍,67.61
영풍문고.json,영풍문고,58.79
영풍전자.json,영풍전자,59.87
영화테크.json,영화테크,50.56
영훈의료재단.json,영훈의료재단,46.34
예술과기술.json,예술과기술,49.26
예스씨앤씨.json,예스씨앤씨,33.74
예스이십사.json,예스이십사,83.78
예스콜닷컴.json,예스콜닷컴,50.9
예스티.json,예스티,83.64
예우시스템.json,예우시스템,34.36
예티소프트.json,예티소프트,27.83
오경컴텍.json,오경컴텍,30.19
오너클랜.json,오너클랜,48.91
오디텍.json,오디텍,71.23
오래온라이프사이언스.json,오래온라이프사이언스,44.74
오렌지스퀘어.json,오렌지스퀘어,44.29
오로라월드.json,오로라월드,68.28
오로라파이브.json,오로라파이브,36.81
오르도아이씨티.json,오르도아이씨티,8.28
오르카아이티.json,오르카아이티,25.76
오르페오스토리.json,오르페오스토리,27.0
오리온디스플레이.json,오리온디스플레이,17.68
오릭스캐피탈코리아.json,오릭스캐피탈코리아,53.46
오마이어스.json,오마이어스,33.54
오버컴테크.json,오버컴테크,30.25
오벳소프트.json,오벳소프트,32.35
오브젠.json,오브젠,60.29
오비고.json,오비고,45.81
오비맥주.json,오비맥주,68.02
오상자이엘.json,오상자이엘,64.48
오성미디컴.json,오성미디컴,37.46
오성사.json,오성사,47.45
오성정보통신.json,오성정보통신,24.5
오성첨단소재.json,오성첨단소재,48.86
오션그래픽.json,오션그래픽,19.77
오션스바이오.json,오션스바이오,34.99
오시리스시스템즈.json,오시리스시스템즈,18.79
오쎄.json,오쎄,29.53
오에스비저축은행.json,오에스비저축은행,37.91
오엔씨네트웍스.json,오엔씨네트웍스,36.8
오이솔루션.json,오이솔루션,74.27
오즈넷코리아.json,오즈넷코리아,28.5
오직.json,오직,40.31
오케이저축은행.json,오케이저축은행,81.6
오콘.json,오콘,50.98
오큐브.json,오큐브,50.01
오토닉스.json,오토닉스,34.62
오토리브.json,오토리브,55.01
오토브레인.json,오토브레인,40.91
오토앤.json,오토앤,51.47
오토엘.json,오토엘,51.83
오토피온.json,오토피온,43.81
오투라인.json,오투라인,37.02
오티디코퍼레이션.json,오티디코퍼레이션,60.3
오티스엘리베이터.json,오티스엘리베이터,86.82
오파스넷.json,오파스넷,65.42
오픈링크시스템.json,오픈링크시스템,30.79
오픈마인즈시스템.json,오픈마인즈시스템,24.12
오픈메이드컨설팅.json,오픈메이드컨설팅,32.78
오픈메이트.json,오픈메이트,46.95
오픈베이스.json,오픈베이스,72.39
오픈소스컨설팅.json,오픈소스컨설팅,47.9
오픈시스템서비스.json,오픈시스템서비스,14.2
오픈에스지.json,오픈에스지,39.7
오픈엣지테크놀로지.json,오픈엣지테크놀로지,48.53
오픈오브젝트.json,오픈오브젝트,49.69
오픈잇.json,오픈잇,42.91
오픈컴.json,오픈컴,24.88
오피스허브.json,오피스허브,43.27
온고테크.json,온고테크,35.38
온누리에이치엔씨.json,온누리에이치엔씨,56.88
온라인파워스.json,온라인파워스,44.62
온라인팜.json,온라인팜,87.71
온메이커스.json,온메이커스,38.62
온세텔링크.json,온세텔링크,25.61
온아이티시스템.json,온아이티시스템,42.93
온피아.json,온피아,38.07
올거나이즈코리아.json,올거나이즈코리아,42.2
올라이트라이프.json,올라이트라이프,58.98
올리브스톤.json,올리브스톤,40.96
올리패스.json,올리패스,42.6
올림커뮤니케이션즈.json,올림커뮤니케이션즈,39.56
올메디쿠스.json,올메디쿠스,40.69
올웨이즈.json,올웨이즈,33.46
올제텍.json,올제텍,40.86
올포랜드.json,올포랜드,54.13
올하우.json,올하우,31.82
옴니시스템.json,옴니시스템,63.67
옵토전자.json,옵토전자,32.16
옵티멀.json,옵티멀,36.2
와그트래블.json,와그트래블,54.06
와디즈플랫품.json,와디즈플랫품,24.97
와우프레스.json,와우프레스,45.59
와이드모바일.json,와이드모바일,66.46
와이비엠넷.json,와이비엠넷,53.11
와이쓰리에스.json,와이쓰리에스,43.42
와이아이씨컴퍼니.json,와이아이씨컴퍼니,42.37
와이어블.json,와이어블,65.36
와이즈넛.json,와이즈넛,52.18
와이즈덴.json,와이즈덴,36.35
와이즈스톤.json,와이즈스톤,50.38
와이즈스톤티.json,와이즈스톤티,20.81
와이즈와이어즈.json,와이즈와이어즈,51.93
와이즈인포텍.json,와이즈인포텍,35.64
와이즈캔.json,와이즈캔,41.85
와이즈케어.json,와이즈케어,38.97
와이지플러스.json,와이지플러스,43.07
와이티에스.json,와이티에스,89.57
와이파워원.json,와이파워원,25.96
와이파이브.json,와이파이브,24.79
와일리.json,와일리,52.47
와치텍.json,와치텍,53.86
와탭랩스.json,와탭랩스,51.12
와토시스.json,와토시스,20.86
와튼.json,와튼,35.11
요다정보기술.json,요다정보기술,39.71
요즈마비엠텍.json,요즈마비엠텍,36.49
용감한컴퍼니.json,용감한컴퍼니,49.72
용진하이테크.json,용진하이테크,36.92
우리강산시스템.json,우리강산시스템,42.67
우리금융캐피탈.json,우리금융캐피탈,68.62
우리별.json,우리별,44.85
우리소프트.json,우리소프트,31.14
우리앤드세은기술.json,우리앤드세은기술,36.43
우리에프아이에스.json,우리에프아이에스,60.97
우리은행.json,우리은행,78.14
우리카드.json,우리카드,64.11
우리홈쇼핑.json,우리홈쇼핑,65.38
우방.json,우방,41.4
우성.json,우성,56.95
우아한형제들.json,우아한형제들,82.29
우일씨앤텍.json,우일씨앤텍,58.46
우정항공.json,우정항공,44.8
우주텔레콤.json,우주텔레콤,36.55
우주피엔씨.json,우주피엔씨,20.77
우진공업.json,우진공업,48.94
우진플라임.json,우진플라임,74.67
웅진식품.json,웅진식품,54.5
웅진씽크빅.json,웅진씽크빅,82.68
웅진컴퍼스.json,웅진컴퍼스,52.7
웅진플레이도시.json,웅진플레이도시,60.29
워시스왓.json,워시스왓,46.75
워터월시스템즈.json,워터월시스템즈,35.71
원광대학교산학협력단.json,원광대학교산학협력단,33.61
원넷정보기술.json,원넷정보기술,34.04
원더정보.json,원더정보,31.3
원더풀플랫폼.json,원더풀플랫폼,43.35
원더플레이스 홈플러스 대구성서점.json,원더플레이스 홈플러스 대구성서점,57.31
원봉.json,원봉,69.72
원비즈시스템.json,원비즈시스템,31.5
원소프트.json,원소프트,23.28
원익아이피에스.json,원익아이피에스,65.25
원익피앤이.json,원익피앤이,100.82
원캐스트.json,원캐스트,41.9
원투씨엠.json,원투씨엠,38.5
원트리즈뮤직.json,원트리즈뮤직,43.18
원포유.json,원포유,38.48
월덱스.json,월덱스,67.18
월드넷코리아.json,월드넷코리아,30.55
월드멀티넷.json,월드멀티넷,33.57
월드시스템.json,월드시스템,18.96
웨어포인트.json,웨어포인트,45.39
웨이브일렉트로닉스.json,웨이브일렉트로닉스,62.54
웨인테크놀로지.json,웨인테크놀로지,38.78
웰데이타시스템.json,웰데이타시스템,41.48
웰비아닷컴.json,웰비아닷컴,38.58
웰컴저축은행.json,웰컴저축은행,104.84
웰크론.json,웰크론,55.82
웰티즌.json,웰티즌,34.18
웹모아.json,웹모아,40.56
웹브라이트.json,웹브라이트,48.53
웹스타일.json,웹스타일,18.95
웹어람정보.json,웹어람정보,19.82
웹케시.json,웹케시,78.59
웹투어.json,웹투어,52.11
웹투인.json,웹투인,39.11
웹프라자.json,웹프라자,29.83
위고.json,위고,39.29
위굴리.json,위굴리,41.15
위니아딤채.json,위니아딤채,57.29
위니텍.json,위니텍,49.36
위대한상상.json,위대한상상,74.89
위덱스정보기술.json,위덱스정보기술,31.26
위두커뮤니케이션즈.json,위두커뮤니케이션즈,47.07
위드네트웍스.json,위드네트웍스,40.53
위드라인.json,위드라인,37.17
위드로봇.json,위드로봇,33.89
위드아이에스.json,위드아이에스,27.84
위드정보.json,위드정보,40.41
위드팜.json,위드팜,39.26
위딘.json,위딘,35.73
위메이드.json,위메이드,85.14
위메이드커넥트.json,위메이드커넥트,44.59
위메이드플레이.json,위메이드플레이,65.95
위메프.json,위메프,33.57
위버스마인드.json,위버스마인드,51.48
위버스브레인.json,위버스브레인,43.74
위버시스템즈.json,위버시스템즈,39.05
위본모터스.json,위본모터스,71.68
위블링.json,위블링,53.9
위비스.json,위비스,55.33
위세아이텍.json,위세아이텍,24.43
위쉬정보기술.json,위쉬정보기술,51.2
위시스.json,위시스,38.96
위아코퍼레이션.json,위아코퍼레이션,40.44
위에이알.json,위에이알,27.97
위엠비.json,위엠비,43.44
위즈그룹.json,위즈그룹,61.26
위즈덤하우스.json,위즈덤하우스,58.7
위즈돔.json,위즈돔,40.45
위즈베라.json,위즈베라,33.6
위즈베이스.json,위즈베이스,45.44
위즈브레인.json,위즈브레인,25.16
위즈코리아.json,위즈코리아,54.11
위즈코어.json,위즈코어,40.64
위지런.json,위지런,33.12
위지온.json,위지온,38.5
위컴즈.json,위컴즈,20.28
위트콤.json,위트콤,65.19
위트플러스.json,위트플러스,41.37
위팬.json,위팬,44.72
위펀.json,위펀,19.8
위플래닛.json,위플래닛,19.34
위피아.json,위피아,54.36
윈디플랜.json,윈디플랜,29.85
윈스.json,윈스,50.82
윈컴.json,윈컴,28.49
윈큐브마케팅.json,윈큐브마케팅,40.8
윈팩.json,윈팩,48.43
윈포시스.json,윈포시스,42.52
윌로그.json,윌로그,35.01
윌로펌프.json,윌로펌프,76.35
윌비스.json,윌비스,48.73
윌앤비전.json,윌앤비전,63.44
윕스.json,윕스,53.28
유경제어.json,유경제어,45.12
유넷시스템.json,유넷시스템,39.1
유노비젼.json,유노비젼,30.21
유니닥스.json,유니닥스,47.04
유니디아.json,유니디아,49.81
유니메드제약.json,유니메드제약,62.36
유니북스.json,유니북스,39.36
유니브리지.json,유니브리지,26.15
유니스소프트.json,유니스소프트,29.86
유니슨.json,유니슨,70.76
유니씨앤.json,유니씨앤,24.56
유니아나.json,유니아나,41.58
유니아이텍.json,유니아이텍,39.91
유니에스.json,유니에스,75.15
유니온커뮤니티.json,유니온커뮤니티,74.57
유니온플레이스.json,유니온플레이스,34.95
유니와이드.json,유니와이드,33.8
유니원아이앤씨.json,유니원아이앤씨,42.17
유니정보.json,유니정보,47.61
유니즌.json,유니즌,34.3
유니컴즈.json,유니컴즈,42.94
유니텍.json,유니텍,41.55
유니트론텍.json,유니트론텍,50.7
유니파이.json,유니파이,48.97
유니포스.json,유니포스,31.42
유니포인트.json,유니포인트,69.51
유더블유에스.json,유더블유에스,38.62
유도.json,유도,59.94
유디.json,유디,36.5
유디아이디.json,유디아이디,49.62
유디엠텍.json,유디엠텍,29.88
유라코퍼레이션.json,유라코퍼레이션,81.5
유라클.json,유라클,56.92
유밥.json,유밥,51.43
유버.json,유버,52.95
유베이스유니티.json,유베이스유니티,67.9
유브릿지.json,유브릿지,44.74
유비라인.json,유비라인,36.89
유비샘.json,유비샘,38.91
유비스톰.json,유비스톰,31.93
유비씨엔.json,유비씨엔,34.62
유비온.json,유비온,69.01
유비젠에스엔티.json,유비젠에스엔티,45.15
유비케어.json,유비케어,53.93
유비코.json,유비코,18.58
유비쿼스.json,유비쿼스,59.29
유비템즈.json,유비템즈,33.42
유비퍼스트대원.json,유비퍼스트대원,53.5
유빅스컴퓨팅.json,유빅스컴퓨팅,37.75
유성계전.json,유성계전,37.72
유스하이텍.json,유스하이텍,35.31
유신.json,유신,68.86
유씨아이.json,유씨아이,32.81
유씨에스.json,유씨에스,28.4
유씨에스시스템.json,유씨에스시스템,37.43
유씨티.json,유씨티,40.14
유아이네트웍스.json,유아이네트웍스,47.77
유안타저축은행.json,유안타저축은행,44.16
유안타제3호기업인수목적.json,유안타제3호기업인수목적,54.24
유알피.json,유알피,80.15
유앤아이솔루션.json,유앤아이솔루션,15.08
유앤피플.json,유앤피플,40.29
유양산전.json,유양산전,42.27
유에스티21.json,유에스티21,46.56
유엔넷.json,유엔넷,34.56
유엔에이디지탈.json,유엔에이디지탈,57.61
유엔에이엔지니어링.json,유엔에이엔지니어링,61.67
유엔이.json,유엔이,37.58
유엔젤.json,유엔젤,58.35
유엔터스.json,유엔터스,40.42
유엔파인.json,유엔파인,41.23
유엘코리아.json,유엘코리아,53.94
유엠브이기술.json,유엠브이기술,20.7
유오케이.json,유오케이,46.37
유온아이티.json,유온아이티,32.43
유인시스.json,유인시스,36.34
유정시스템.json,유정시스템,42.39
유젠.json,유젠,47.5
유젠스에스앤씨.json,유젠스에스앤씨,35.27
유진로봇.json,유진로봇,61.95
유진로지스틱스.json,유진로지스틱스,61.26
유진아이티.json,유진아이티,25.02
유캐스트.json,유캐스트,31.96
유컴패니온.json,유컴패니온,47.97
유클리드소프트.json,유클리드소프트,43.82
유클릭.json,유클릭,77.02
유타스.json,유타스,20.6
유탑엔지니어링.json,유탑엔지니어링,54.1
유텔레콤.json,유텔레콤,31.6
유토닉스.json,유토닉스,35.7
유투바이오.json,유투바이오,71.46
유투오코리아.json,유투오코리아,34.2
유티모스트아이엔에스.json,유티모스트아이엔에스,49.65
유프러스시스템.json,유프러스시스템,31.16
유플러스아이티.json,유플러스아이티,47.83
유피트코리아.json,유피트코리아,27.09
유한테크노스.json,유한테크노스,41.8
유한회사 스태츠칩팩코리아.json,유한회사 스태츠칩팩코리아,65.47
유호스트.json,유호스트,52.83
유호전기공업.json,유호전기공업,31.81
윤성에프앤씨.json,윤성에프앤씨,69.45
은하수산.json,은하수산,41.56
의료법인 대아의료재단.json,의료법인 대아의료재단,41.3
의료법인 한양의료재단.json,의료법인 한양의료재단,45.4
의식주컴퍼니.json,의식주컴퍼니,53.28
이가종합건축사사무소.json,이가종합건축사사무소,44.04
이감.json,이감,46.02
이구아나커머스.json,이구아나커머스,32.99
이글로벌시스템.json,이글로벌시스템,28.94
이글루코퍼레이션.json,이글루코퍼레이션,77.5
이꼬르.json,이꼬르,30.33
이너버스.json,이너버스,46.05
이너인포.json,이너인포,37.99
이너텍시스템즈.json,이너텍시스템즈,38.01
이네스닷컴.json,이네스닷컴,39.46
이노그리드.json,이노그리드,46.59
이노뎁.json,이노뎁,73.06
이노디스.json,이노디스,45.78
이노라인.json,이노라인,40.04
이노룰스.json,이노룰스,40.64
이노베스트.json,이노베스트,31.84
이노베이션팩토리.json,이노베이션팩토리,12.79
이노부스트.json,이노부스트,41.16
이노브.json,이노브,44.34
이노소프트기술.json,이노소프트기술,31.53
이노솔루텍.json,이노솔루텍,39.41
이노스피치.json,이노스피치,32.07
이노시뮬레이션.json,이노시뮬레이션,53.07
이노씨앤씨.json,이노씨앤씨,17.94
이노아이.json,이노아이,40.18
이노웍스.json,이노웍스,30.31
이노웨이브글로벌.json,이노웨이브글로벌,31.6
이노코스텍.json,이노코스텍,34.51
이노테크놀로지.json,이노테크놀로지,38.47
이노트리.json,이노트리,48.27
이노티브아이엔씨.json,이노티브아이엔씨,31.16
이노팩토리.json,이노팩토리,40.41
이노피아테크.json,이노피아테크,46.87
이누리평생교육원.json,이누리평생교육원,27.97
이니스트.json,이니스트,42.53
이니스프리.json,이니스프리,61.09
이니텍.json,이니텍,84.21
이다시스템.json,이다시스템,30.6
이다커뮤니케이션즈.json,이다커뮤니케이션즈,45.76
이데아인포.json,이데아인포,33.2
이데일리.json,이데일리,52.06
이도.json,이도,75.88
이동의즐거움.json,이동의즐거움,68.54
이든비즈텍.json,이든비즈텍,34.03
이든앤앨리스마케팅.json,이든앤앨리스마케팅,64.4
이디소프트.json,이디소프트,7.25
이디앤씨.json,이디앤씨,40.55
이디야.json,이디야,62.62
이랜드리테일.json,이랜드리테일,62.42
이랜드이노플.json,이랜드이노플,62.18
이랜서.json,이랜서,46.32
이레유비크.json,이레유비크,35.69
이레테크.json,이레테크,59.13
이루다.json,이루다,51.19
이루온.json,이루온,72.01
이룸코리아.json,이룸코리아,47.99
이르테크.json,이르테크,31.35
이마고웍스.json,이마고웍스,39.57
이마트.json,이마트,71.44
이마트24.json,이마트24,61.28
이마트에브리데이.json,이마트에브리데이,23.15
이맥스.json,이맥스,35.5
이머니.json,이머니,35.83
이멕스.json,이멕스,24.24
이모션글로벌.json,이모션글로벌,26.26
이베이스넷.json,이베이스넷,37.22
이베이테크.json,이베이테크,37.55
이브릿지.json,이브릿지,60.2
이비솔루션즈.json,이비솔루션즈,36.43
이비웨이브.json,이비웨이브,38.27
이비인프라.json,이비인프라,28.27
이비즈네트웍스.json,이비즈네트웍스,47.9
이비즈타운.json,이비즈타운,31.67
이비즈테크.json,이비즈테크,37.29
이삭엔지니어링.json,이삭엔지니어링,42.58
이수시스템.json,이수시스템,42.13
이수정보.json,이수정보,50.68
이스타항공.json,이스타항공,62.71
이스턴네트웍스.json,이스턴네트웍스,50.01
이스톰.json,이스톰,44.77
이스트게임즈.json,이스트게임즈,62.95
이스트소프트.json,이스트소프트,62.84
이썸테크.json,이썸테크,43.86
이쓰리.json,이쓰리,37.1
이씨마이너.json,이씨마이너,49.05
이씨뱅크.json,이씨뱅크,37.98
이씨스.json,이씨스,54.41
이씨에스텔레콤.json,이씨에스텔레콤,77.21
이씨에이시스템.json,이씨에이시스템,34.82
이씨엘소프트.json,이씨엘소프트,33.4
이씨오.json,이씨오,44.67
이씨큐밸리.json,이씨큐밸리,24.81
이씨플라자.json,이씨플라자,46.76
이아이랩.json,이아이랩,36.68
이아이피.json,이아이피,38.38
이액티브.json,이액티브,26.23
이앤에스글로벌.json,이앤에스글로벌,32.82
이앤오즈.json,이앤오즈,42.4
이에스이.json,이에스이,42.85
이에스콘트롤스.json,이에스콘트롤스,31.87
이에스피시스템즈.json,이에스피시스템즈,34.6
이에이트.json,이에이트,39.46
이엘케이.json,이엘케이,50.46
이엘피.json,이엘피,47.86
이엠디넷.json,이엠디넷,40.75
이오시스템.json,이오시스템,50.78
이오테크닉스.json,이오테크닉스,64.03
이우소프트.json,이우소프트,41.67
이웨이.json,이웨이,55.24
이웨이브솔루션.json,이웨이브솔루션,31.57
이제너두.json,이제너두,47.87
이젬코.json,이젬코,28.51
이즈넷.json,이즈넷,30.38
이즈미디어.json,이즈미디어,58.07
이즈파크.json,이즈파크,25.48
이즈피엠피.json,이즈피엠피,46.0
이지닉스.json,이지닉스,41.05
이지메디컴.json,이지메디컴,67.85
이지미디어.json,이지미디어,53.93
이지스.json,이지스,46.91
이지스엔터프라이즈.json,이지스엔터프라이즈,46.08
이지시큐어.json,이지시큐어,33.55
이지식스.json,이지식스,35.43
이지원인터넷서비스.json,이지원인터넷서비스,47.82
이지인터넷.json,이지인터넷,34.18
이지케어텍.json,이지케어텍,59.34
이지코어솔루션즈.json,이지코어솔루션즈,34.54
이지텍.json,이지텍,30.77
이카루스.json,이카루스,25.87
이카플러그.json,이카플러그,38.69
이커머스테크.json,이커머스테크,42.22
이케이맨파워.json,이케이맨파워,59.05
이큐브랩.json,이큐브랩,47.69
이크레더블.json,이크레더블,54.83
이클라우드.json,이클라우드,20.78
이텍커스.json,이텍커스,35.34
이토마토.json,이토마토,44.82
이투스교육.json,이투스교육,60.67
이튜.json,이튜,39.7
이트너스.json,이트너스,82.1
이트라이브.json,이트라이브,56.33
이트론.json,이트론,56.18
이트리즈시스템.json,이트리즈시스템,33.86
이파피루스.json,이파피루스,46.57
이팝.json,이팝,41.39
이포넷.json,이포넷,61.39
이포즌.json,이포즌,39.82
이퓨전아이.json,이퓨전아이,50.42
이프리키아테크놀로지.json,이프리키아테크놀로지,21.43
이피언스.json,이피언스,34.41
이피에스이앤이.json,이피에스이앤이,37.46
이피엠네트워크.json,이피엠네트워크,52.1
이화다이아몬드공업.json,이화다이아몬드공업,59.14
이화트론.json,이화트론,41.71
익스이노.json,익스이노,33.95
인공지능팩토리.json,인공지능팩토리,21.03
인디엔피.json,인디엔피,37.47
인라이플.json,인라이플,61.51
인레이저.json,인레이저,28.58
인바이트.json,인바이트,35.85
인밸류비즈.json,인밸류비즈,43.15
인벤.json,인벤,53.87
인벤티스.json,인벤티스,43.99
인브레인.json,인브레인,40.95
인사이터스.json,인사이터스,33.19
인사이트컴퍼니.json,인사이트컴퍼니,24.69
인사이트코리아.json,인사이트코리아,46.02
인사커뮤니케이션.json,인사커뮤니케이션,41.03
인성디지탈.json,인성디지탈,39.01
인성의료재단.json,인성의료재단,53.27
인성정보.json,인성정보,98.36
인성회계법인.json,인성회계법인,42.15
인소프트.json,인소프트,33.8
인스밸리.json,인스밸리,46.93
인스웨이브시스템즈.json,인스웨이브시스템즈,54.17
인스테크.json,인스테크,39.56
인스팟.json,인스팟,46.63
인스피언.json,인스피언,34.62
인실리코.json,인실리코,83.28
인실리코젠.json,인실리코젠,41.85
인아텍앤코포.json,인아텍앤코포,35.12
인엘씨테크놀러지.json,인엘씨테크놀러지,36.95
인정보기술.json,인정보기술,37.89
인젠트.json,인젠트,45.34
인졀미.json,인졀미,27.56
인조이웍스.json,인조이웍스,41.87
인지디스플레이.json,인지디스플레이,46.06
인지소프트.json,인지소프트,39.9
인지이솔루션.json,인지이솔루션,31.34
인천스마트시티.json,인천스마트시티,33.77
인코스파트너스.json,인코스파트너스,53.87
인콘.json,인콘,57.17
인콤정보통신.json,인콤정보통신,31.0
인큐솔루션.json,인큐솔루션,26.73
인키움.json,인키움,43.38
인타운.json,인타운,35.33
인터리젠.json,인터리젠,40.49
인터비즈시스템.json,인터비즈시스템,65.48
인터솔루션테크놀로.json,인터솔루션테크놀로,47.71
인터유로.json,인터유로,22.5
인터전기.json,인터전기,39.46
인터커머스코리아.json,인터커머스코리아,38.49
인터콘시스템스.json,인터콘시스템스,47.0
인터터치.json,인터터치,16.99
인터파크.json,인터파크,29.31
인터패스.json,인터패스,37.96
인터페이스정보기술.json,인터페이스정보기술,52.57
인텍에프에이.json,인텍에프에이,42.78
인텍전기전자.json,인텍전기전자,71.83
인텔렉추얼디스커버리.json,인텔렉추얼디스커버리,35.73
인텔리빅스.json,인텔리빅스,47.53
인텔리안시스템즈.json,인텔리안시스템즈,44.35
인텔리안테크놀로지스.json,인텔리안테크놀로지스,61.11
인투데이타시스템.json,인투데이타시스템,48.23
인트로맨.json,인트로맨,62.91
인트로메딕.json,인트로메딕,45.47
인트루바인.json,인트루바인,36.68
인티게이트.json,인티게이트,34.45
인티그리트.json,인티그리트,47.9
인팩.json,인팩,71.88
인포그램.json,인포그램,35.33
인포뱅크.json,인포뱅크,78.74
인포벨리코리아.json,인포벨리코리아,42.42
인포웍스.json,인포웍스,36.6
인포젠.json,인포젠,49.44
인포큐브.json,인포큐브,29.73
인포트롤테크놀러지.json,인포트롤테크놀러지,38.39
인프라닉스.json,인프라닉스,36.25
인피닉.json,인피닉,18.98
인피아드.json,인피아드,39.54
인피테크.json,인피테크,37.53
인픽스.json,인픽스,52.78
인하대학교 산학협력.json,인하대학교 산학협력,49.28
일광개발.json,일광개발,35.15
일도엔지니어링.json,일도엔지니어링,41.98
일동제약.json,일동제약,70.57
일렉트로닉아츠코리아유한책임회사.json,일렉트로닉아츠코리아유한책임회사,81.2
일송정보.json,일송정보,36.53
일신시큐리티.json,일신시큐리티,24.74
일신하이텍.json,일신하이텍,38.25
일정실업.json,일정실업,45.66
일주지앤에스.json,일주지앤에스,33.64
일진글로벌홀딩스.json,일진글로벌홀딩스,52.87
일진디스플레이.json,일진디스플레이,60.65
임플릿.json,임플릿,16.75
잉글리쉬앤.json,잉글리쉬앤,47.85
잉글리시에그 구리.json,잉글리시에그 구리,18.66
잉카엔트웍스.json,잉카엔트웍스,42.72
잉카인터넷.json,잉카인터넷,49.07
잉크테크.json,잉크테크,66.1
자라리테일코리아.json,자라리테일코리아,66.31
자모네.json,자모네,40.6
자비스앤빌런즈.json,자비스앤빌런즈,43.82
자유투어.json,자유투어,47.49
자이언트네트워크그룹.json,자이언트네트워크그룹,44.23
자이언트스텝.json,자이언트스텝,56.36
자이오넥스.json,자이오넥스,42.11
자화전자.json,자화전자,56.08
잘레시아.json,잘레시아,44.24
잡코리아(유).json,잡코리아(유),71.14
장금상선.json,장금상선,61.69
장인가구.json,장인가구,46.53
재능이아카데미.json,재능이아카데미,52.85
재외동포재단.json,재외동포재단,49.04
저먼코리아.json,저먼코리아,45.81
전기공사공제조합.json,전기공사공제조합,40.63
전능아이티.json,전능아이티,43.09
전략물자관리원.json,전략물자관리원,46.05
전북은행.json,전북은행,60.35
전시몰닷컴.json,전시몰닷컴,45.06
전자신문인터넷.json,전자신문인터넷,35.5
전통.json,전통,36.3
정도유아이티.json,정도유아이티,76.1
정보라인.json,정보라인,40.38
정보와기술.json,정보와기술,46.83
정우비나.json,정우비나,65.74
정원엔시스.json,정원엔시스,68.22
정컴시스템.json,정컴시스템,30.6
정호티엘씨.json,정호티엘씨,32.91
제너시스.json,제너시스,37.94
제너시스템.json,제너시스템,41.6
제넥신.json,제넥신,84.07
제노솔루션.json,제노솔루션,37.38
제노이드.json,제노이드,43.74
제노코.json,제노코,66.14
제놀루션.json,제놀루션,72.34
제니드.json,제니드,31.92
제니엘.json,제니엘,78.77
제때.json,제때,45.43
제로웹.json,제로웹,46.49
제로투세븐.json,제로투세븐,75.19
제머나이소프트.json,제머나이소프트,27.14
제스프로.json,제스프로,36.95
제엠제코.json,제엠제코,35.86
제오젠.json,제오젠,46.4
제우스.json,제우스,64.51
제윤.json,제윤,41.24
제이니스.json,제이니스,38.59
제이디아이앤에스.json,제이디아이앤에스,32.74
제이비우리캐피탈.json,제이비우리캐피탈,57.56
제이스텍.json,제이스텍,51.61
제이슨그룹.json,제이슨그룹,58.03
제이씨엔울산중앙방송.json,제이씨엔울산중앙방송,41.87
제이씨코리아.json,제이씨코리아,49.87
제이씨현시스템.json,제이씨현시스템,63.83
제이앤비컨설팅.json,제이앤비컨설팅,63.5
제이앤에스.json,제이앤에스,32.3
제이앤지시스템.json,제이앤지시스템,37.47
제이에스디원.json,제이에스디원,47.92
제이에스알마이크로코리아.json,제이에스알마이크로코리아,79.42
제이에스오토모티브.json,제이에스오토모티브,44.18
제이에스티나.json,제이에스티나,58.93
제이엔에스.json,제이엔에스,40.82
제이엔테크놀러지.json,제이엔테크놀러지,40.05
제이엘케이.json,제이엘케이,57.09
제이엠피시스템.json,제이엠피시스템,32.25
제이엠피코리아.json,제이엠피코리아,53.56
제이와이커스텀.json,제이와이커스텀,42.83
제이원.json,제이원,28.42
제이케이데이터시스템즈.json,제이케이데이터시스템즈,39.9
제이큐브데이터.json,제이큐브데이터,42.78
제이티.json,제이티,48.68
제이티비씨.json,제이티비씨,66.72
제이티비씨스튜디오.json,제이티비씨스튜디오,63.23
제이티저축은행.json,제이티저축은행,38.2
제이티친애저축은행.json,제이티친애저축은행,51.35
제이피아이 헬스케어.json,제이피아이 헬스케어,33.1
제이피컴퍼니.json,제이피컴퍼니,22.67
제일감정평가법인.json,제일감정평가법인,44.31
제일기획.json,제일기획,80.68
제일솔루텍.json,제일솔루텍,36.31
제일특허법인 (유).json,제일특허법인 (유),44.84
제주신화월드.json,제주신화월드,67.0
제타럭스시스템.json,제타럭스시스템,39.11
제트콜.json,제트콜,21.11
제페토.json,제페토,46.55
젠스코리아.json,젠스코리아,32.73
젠큐릭스.json,젠큐릭스,76.67
젠트넷정보기술.json,젠트넷정보기술,33.15
젠트러스트.json,젠트러스트,39.58
조광페인트.json,조광페인트,82.18
조광피혁.json,조광피혁,44.63
조선방송.json,조선방송,53.78
조선비즈.json,조선비즈,53.11
조선호텔앤리조트 웨스틴조선서울.json,조선호텔앤리조트 웨스틴조선서울,69.88
조세통람.json,조세통람,43.24
조아.json,조아,42.15
조아기프트.json,조아기프트,40.84
조아라.json,조아라,54.89
조웰.json,조웰,40.3
조은시스템.json,조은시스템,77.76
조이맥스.json,조이맥스,47.22
조이시티.json,조이시티,58.58
조인스에이치알.json,조인스에이치알,36.89
조인스엠.json,조인스엠,67.98
조인아이티.json,조인아이티,48.32
조인어스비즈.json,조인어스비즈,27.89
좋은사람들.json,좋은사람들,80.88
좋은책신사고.json,좋은책신사고,62.24
주이스.json,주이스,35.24
주인정보시스템.json,주인정보시스템,44.23
주티지삼보서비스서광주센터.json,주티지삼보서비스서광주센터,19.25
준인터.json,준인터,42.56
준정보통신.json,준정보통신,31.2
줌마.json,줌마,41.32
중기닷컴.json,중기닷컴,22.76
중앙교육.json,중앙교육,42.97
중앙신용정보.json,중앙신용정보,45.81
중앙일보.json,중앙일보,69.86
중앙제어.json,중앙제어,46.0
중앙하이텔.json,중앙하이텔,44.45
중외정보기술.json,중외정보기술,39.74
쥬비스다이어트.json,쥬비스다이어트,54.57
쥴릭파마코리아.json,쥴릭파마코리아,50.54
지2터치.json,지2터치,37.07
지경솔루텍.json,지경솔루텍,15.59
지그탑.json,지그탑,31.92
지넥슨.json,지넥슨,35.36
지노시스템.json,지노시스템,31.76
지누스.json,지누스,32.86
지뉴소프트.json,지뉴소프트,37.66
지니뮤직.json,지니뮤직,77.42
지니언스.json,지니언스,83.49
지니웍스.json,지니웍스,51.1
지니프릭스.json,지니프릭스,37.2
지란지교시큐리티.json,지란지교시큐리티,50.75
지란지교에스앤씨.json,지란지교에스앤씨,44.23
지마켓.json,지마켓,80.0
지메이트시스템즈.json,지메이트시스템즈,35.9
지멘스.json,지멘스,68.05
지멘스인더스트리소프트웨어.json,지멘스인더스트리소프트웨어,49.03
지산웨어.json,지산웨어,34.21
지센소프트.json,지센소프트,32.87
지소프트.json,지소프트,18.75
지슨.json,지슨,52.52
지식시스템.json,지식시스템,40.51
지씨.json,지씨,40.06
지아이데이타.json,지아이데이타,41.4
지아이테크놀러지.json,지아이테크놀러지,37.09
지아이티.json,지아이티,79.41
지아이티아카데미.json,지아이티아카데미,48.74
지앤넷.json,지앤넷,33.38
지앤비넷.json,지앤비넷,20.78
지앤비아이텍.json,지앤비아이텍,40.16
지앤비패럴랙스교육(.json,지앤비패럴랙스교육(,40.91
지앤아이.json,지앤아이,31.88
지앤원.json,지앤원,40.14
지앤지커머스.json,지앤지커머스,68.63
지앤푸드.json,지앤푸드,46.45
지앤피.json,지앤피,67.26
지에스건설.json,지에스건설,68.99
지에스네오텍.json,지에스네오텍,61.52
지에스씨인터내셔날.json,지에스씨인터내셔날,56.53
지에스아이티엠(GSITM).json,지에스아이티엠(GSITM),62.81
지에스지엠.json,지에스지엠,47.42
지에스홈쇼핑.json,지에스홈쇼핑,58.64
지에이시스템.json,지에이시스템,46.18
지에이코리아.json,지에이코리아,55.39
지에이플러스.json,지에이플러스,28.18
지에프에스.json,지에프에스,45.42
지엔소프트.json,지엔소프트,42.76
지엔앰퍼포먼스.json,지엔앰퍼포먼스,51.13
지엔에이컴퍼니.json,지엔에이컴퍼니,35.43
지엠시스템.json,지엠시스템,29.14
지엠티.json,지엠티,43.92
지엠피아이티.json,지엠피아이티,23.45
지오스토리.json,지오스토리,47.22
지오정보기술.json,지오정보기술,26.09
지오투정보기술.json,지오투정보기술,45.38
지오플랜.json,지오플랜,33.47
지우컴퍼니.json,지우컴퍼니,42.71
지원앤컴.json,지원앤컴,25.21
지일.json,지일,39.08
지지무역.json,지지무역,60.31
지지옥션.json,지지옥션,42.22
지케스.json,지케스,43.11
지테크시스템.json,지테크시스템,42.51
지텍.json,지텍,43.57
지티시스템.json,지티시스템,42.89
지티원.json,지티원,41.83
지플러스.json,지플러스,32.57
지피에이코리아.json,지피에이코리아,48.88
지후소프트.json,지후소프트,35.38
진두아이에스.json,진두아이에스,43.11
진서.json,진서,45.78
진솔아이엔에스.json,진솔아이엔에스,29.57
진우에이티에스.json,진우에이티에스,45.21
진원무역.json,진원무역,50.19
진인프라.json,진인프라,55.85
진주저축은행.json,진주저축은행,39.7
진코퍼레이션.json,진코퍼레이션,49.14
진학사.json,진학사,48.4
진흥기업.json,진흥기업,61.63
차바이오텍.json,차바이오텍,40.97
차봇모빌리티.json,차봇모빌리티,41.51
차이커뮤니케이션.json,차이커뮤니케이션,63.16
차케어스.json,차케어스,64.09
차후.json,차후,34.88
찬율.json,찬율,20.92
참엔지니어링.json,참엔지니어링,85.25
참좋은인터넷.json,참좋은인터넷,44.04
창덕의료재단.json,창덕의료재단,26.55
창성.json,창성,46.35
창소프트아이앤아이.json,창소프트아이앤아이,37.97
창신아이엔씨.json,창신아이엔씨,57.86
창의와탐구.json,창의와탐구,54.03
창헬스케어.json,창헬스케어,42.51
채비원.json,채비원,16.09
챔프스터디.json,챔프스터디,30.86
천경해운.json,천경해운,51.9
천명소프트.json,천명소프트,35.68
천성세이브마트.json,천성세이브마트,33.23
천재교육.json,천재교육,80.68
천조.json,천조,42.31
첨단공간정보.json,첨단공간정보,39.6
청구정보통신.json,청구정보통신,36.02
청담정보기술.json,청담정보기술,33.54
청주교차로.json,청주교차로,37.29
청호ICT.json,청호ICT,58.13
청호나이스.json,청호나이스,64.05
체리부로.json,체리부로,69.05
체리쉬.json,체리쉬,47.0
초록마을.json,초록마을,68.02
초이스테크놀로지.json,초이스테크놀로지,34.02
최신물산.json,최신물산,50.79
충남대학교병원.json,충남대학교병원,59.77
칩스앤미디어.json,칩스앤미디어,55.9
카길애그리퓨리나.json,카길애그리퓨리나,55.61
카네비모빌리티.json,카네비모빌리티,48.64
카비.json,카비,42.71
카이토리.json,카이토리,27.12
카카오.json,카카오,85.26
카카오브이엑스.json,카카오브이엑스,58.82
카티스.json,카티스,40.99
카펙발레오.json,카펙발레오,52.23
카펜스트리트.json,카펜스트리트,21.04
칸타코리아.json,칸타코리아,60.0
캐논쎄미콘덕터엔지니어링코리아.json,캐논쎄미콘덕터엔지니어링코리아,57.82
캐논코리아.json,캐논코리아,64.0
캐디안.json,캐디안,39.49
캐럿글로벌.json,캐럿글로벌,76.09
캐리마.json,캐리마,44.03
캐스트이즈.json,캐스트이즈,50.0
캐스트프로.json,캐스트프로,37.14
캔버스바이오.json,캔버스바이오,24.59
캔즈플렉스.json,캔즈플렉스,43.84
캠틱종합기술원.json,캠틱종합기술원,31.57
캡스텍.json,캡스텍,60.74
커넥트웨이브.json,커넥트웨이브,60.97
커리어넷.json,커리어넷,53.21
커머스톤컨설팅.json,커머스톤컨설팅,35.96
커뮤.json,커뮤,31.73
커브스코리아.json,커브스코리아,48.46
커피빈코리아.json,커피빈코리아,72.85
컨버전스스퀘어.json,컨버전스스퀘어,34.1
컨텐츠월드.json,컨텐츠월드,34.26
컨트롤에이.json,컨트롤에이,35.84
컨피테크.json,컨피테크,40.06
컬럼비아스포츠웨어코리아 유한회사.json,컬럼비아스포츠웨어코리아 유한회사,53.08
컴닥터.json,컴닥터,36.44
컴레이저.json,컴레이저,27.51
컴솔텍.json,컴솔텍,27.43
컴이조아.json,컴이조아,34.43
컴즈.json,컴즈,44.01
컴투스.json,컴투스,110.11
컴파트너스.json,컴파트너스,49.47
컴퓨존.json,컴퓨존,68.77
컴픽스.json,컴픽스,35.21
케어원.json,케어원,61.09
케어인.json,케어인,17.64
케이더블유이코리아.json,케이더블유이코리아,51.91
케이디비생명보험.json,케이디비생명보험,58.42
케이디아이앤씨.json,케이디아이앤씨,28.18
케이디정보기술.json,케이디정보기술,41.34
케이미트.json,케이미트,47.77
케이비국민카드.json,케이비국민카드,67.41
케이비드.json,케이비드,23.71
케이비손보씨엔에스.json,케이비손보씨엔에스,48.89
케이비신용정보.json,케이비신용정보,49.34
케이비아이동국실업.json,케이비아이동국실업,48.72
케이비저축은행.json,케이비저축은행,57.86
케이비전.json,케이비전,39.37
케이비증권.json,케이비증권,76.93
케이사인.json,케이사인,44.84
케이솔루션즈.json,케이솔루션즈,35.71
케이씨에스.json,케이씨에스,30.32
케이씨에이.json,케이씨에이,48.96
케이씨엠씨.json,케이씨엠씨,36.4
케이씨이앤씨.json,케이씨이앤씨,72.8
케이씨티엘.json,케이씨티엘,38.81
케이아이에스정보통신.json,케이아이에스정보통신,49.87
케이앤에스아이앤씨.json,케이앤에스아이앤씨,41.26
케이에스넷.json,케이에스넷,67.57
케이에스솔루션.json,케이에스솔루션,38.51
케이에스씨앤씨(KSC&C Inc.).json,케이에스씨앤씨(KSC&C Inc.),38.94
케이에스앤에스.json,케이에스앤에스,22.36
케이에스엠.json,케이에스엠,24.33
케이엔아이씨.json,케이엔아이씨,37.59
케이엠넷.json,케이엠넷,30.12
케이엠디엠.json,케이엠디엠,18.45
케이엠티엘.json,케이엠티엘,52.56
케이원정보통신.json,케이원정보통신,55.59
케이웨더.json,케이웨더,64.84
케이유엠유한책임회사.json,케이유엠유한책임회사,39.38
케이지모빌리언스.json,케이지모빌리언스,79.46
케이지모빌리티.json,케이지모빌리티,67.26
케이지에이에셋.json,케이지에이에셋,47.07
케이지에프앤비.json,케이지에프앤비,70.59
케이지엘.json,케이지엘,47.98
케이지이니시스.json,케이지이니시스,76.35
케이타운포유.json,케이타운포유,50.01
케이탑솔루션.json,케이탑솔루션,29.45
케이탑시스템.json,케이탑시스템,17.71
케이투코리아.json,케이투코리아,71.94
케이티.json,케이티,79.98
케이티디에스.json,케이티디에스,65.65
케이티서비스남부.json,케이티서비스남부,44.05
케이티스카이라이프.json,케이티스카이라이프,58.18
케이티씨에스.json,케이티씨에스,74.69
케이티앤씨.json,케이티앤씨,51.09
케이티앤지.json,케이티앤지,76.79
케이티에스테이트.json,케이티에스테이트,59.03
케이티엔에프.json,케이티엔에프,42.61
케이티엔지니어링.json,케이티엔지니어링,85.5
케이티지.json,케이티지,44.33
케이티파워텔.json,케이티파워텔,45.88
케이풀스.json,케이풀스,44.77
케이피에스.json,케이피에스,58.51
켄코아에어로스페이스.json,켄코아에어로스페이스,41.8
켐에쎈.json,켐에쎈,44.72
켐옵틱스.json,켐옵틱스,62.87
켐토피아.json,켐토피아,42.19
켐트로닉스.json,켐트로닉스,57.29
코그넥스코리아.json,코그넥스코리아,44.44
코그넷나인.json,코그넷나인,38.55
코나아이.json,코나아이,57.9
코니퍼.json,코니퍼,36.13
코닉글로리.json,코닉글로리,55.89
코드원.json,코드원,30.54
코드파트너즈.json,코드파트너즈,44.8
코디얼.json,코디얼,40.15
코레이즈.json,코레이즈,26.56
코레일네트웍스.json,코레일네트웍스,55.92
코레일유통.json,코레일유통,59.79
코리아데이타코퍼레이션.json,코리아데이타코퍼레이션,31.27
코리아로지스.json,코리아로지스,34.52
코리아리서치인터내.json,코리아리서치인터내,43.7
코리아바큠테크.json,코리아바큠테크,31.62
코리아써키트.json,코리아써키트,59.19
코리아에프티.json,코리아에프티,53.04
코리아엑스퍼트.json,코리아엑스퍼트,40.85
코리아이플랫폼.json,코리아이플랫폼,55.45
코리아인.json,코리아인,63.0
코리아크레딧뷰로.json,코리아크레딧뷰로,54.08
코리아퍼스텍.json,코리아퍼스텍,45.56
코리아포트원.json,코리아포트원,30.52
코리아프린테크.json,코리아프린테크,22.8
코마스.json,코마스,39.38
코맥스.json,코맥스,55.38
코바다.json,코바다,37.36
코밴.json,코밴,46.63
코보시스.json,코보시스,32.2
코비그룹.json,코비그룹,22.35
코세스.json,코세스,54.26
코스맥스비티아이.json,코스맥스비티아이,75.25
코스모티어.json,코스모티어,26.66
코스코쉬핑라인스한국.json,코스코쉬핑라인스한국,44.41
코스콤.json,코스콤,59.79
코스트코코리아.json,코스트코코리아,76.51
코아네트.json,코아네트,32.25
코아맥스테크놀로지.json,코아맥스테크놀로지,34.33
코아메소드.json,코아메소드,37.6
코아메타정보.json,코아메타정보,34.35
코아뱅크.json,코아뱅크,35.94
코아비스.json,코아비스,42.59
코아소프트.json,코아소프트,34.58
코아시스템.json,코아시스템,35.73
코어메이드.json,코어메이드,31.29
코어스톤.json,코어스톤,32.02
코어인프라.json,코어인프라,38.71
코어테크놀로지.json,코어테크놀로지,35.8
코어플러스.json,코어플러스,39.94
코엑스.json,코엑스,60.38
코오롱글로벌.json,코오롱글로벌,66.0
코오롱베니트.json,코오롱베니트,78.1
코오롱생명과학.json,코오롱생명과학,61.76
코오롱인더스트리.json,코오롱인더스트리,66.43
코우치코리아리미티드 유한회사.json,코우치코리아리미티드 유한회사,50.31
코워커넷.json,코워커넷,26.18
코웨이.json,코웨이,41.05
코위버.json,코위버,47.75
코윈디에스티.json,코윈디에스티,45.36
코이스.json,코이스,53.31
코이웨어.json,코이웨어,18.78
코인어스.json,코인어스,34.42
코카콜라.json,코카콜라,49.5
코코네네.json,코코네네,17.9
코콤텍.json,코콤텍,37.4
코테크시스템.json,코테크시스템,42.7
코텍.json,코텍,81.46
코페이.json,코페이,47.51
콘텐츠웨이브.json,콘텐츠웨이브,62.26
콘텐트리중앙.json,콘텐트리중앙,49.6
콘텔라.json,콘텔라,33.51
콘티넨탈오토모티브일렉트로닉스.json,콘티넨탈오토모티브일렉트로닉스,72.55
콜넷코리아.json,콜넷코리아,27.76
콜로세움코퍼레이션.json,콜로세움코퍼레이션,45.38
콜론디.json,콜론디,44.25
콜마그룹.json,콜마그룹,78.29
콜테크커뮤니케이션.json,콜테크커뮤니케이션,30.69
콤위즈.json,콤위즈,38.04
콤텍피엔씨.json,콤텍피엔씨,30.47
쿠노소프트.json,쿠노소프트,30.42
쿠도커뮤니케이션.json,쿠도커뮤니케이션,81.12
쿠바.json,쿠바,29.84
쿠쿠홀딩스.json,쿠쿠홀딩스,69.99
쿠팡.json,쿠팡,78.55
쿠퍼스시스템즈.json,쿠퍼스시스템즈,27.04
쿠폰트리.json,쿠폰트리,35.74
쿠프마케팅.json,쿠프마케팅,80.14
쿡앱스.json,쿡앱스,55.53
쿤텍.json,쿤텍,38.73
쿨사인.json,쿨사인,39.91
쿨젠.json,쿨젠,35.37
쿼리시스템즈.json,쿼리시스템즈,37.81
퀀텀비트.json,퀀텀비트,22.37
큐로컴.json,큐로컴,40.58
큐메이트.json,큐메이트,30.42
큐브릿지.json,큐브릿지,60.12
큐브코아.json,큐브코아,37.38
큐빅테크.json,큐빅테크,65.0
큐앤피플.json,큐앤피플,39.12
큐엠씨.json,큐엠씨,82.77
큐텐테크놀로지(유).json,큐텐테크놀로지(유),54.04
큐티아이인터내셔날.json,큐티아이인터내셔날,30.32
큐플레이스.json,큐플레이스,37.66
큐피플.json,큐피플,46.91
크라운해태홀딩스.json,크라운해태홀딩스,49.56
크라이언소프트.json,크라이언소프트,31.19
크래블.json,크래블,34.57
크래비스.json,크래비스,46.21
크래프톤.json,크래프톤,76.28
크레디프.json,크레디프,48.38
크레버스.json,크레버스,45.4
크레셈.json,크레셈,46.0
크레소티.json,크레소티,43.88
크레스콤.json,크레스콤,23.67
크레온유니티.json,크레온유니티,43.48
크레텍책임.json,크레텍책임,49.67
크레템.json,크레템,45.89
크로스오버커뮤니케이션.json,크로스오버커뮤니케이션,40.92
크루셜텍.json,크루셜텍,62.96
크리니티.json,크리니티,41.01
크리스피드.json,크리스피드,45.29
크리에이티브할로.json,크리에이티브할로,13.99
크리젠솔루션.json,크리젠솔루션,41.56
크린에이드.json,크린에이드,37.34
크림솔루션.json,크림솔루션,25.96
클라리파이.json,클라리파이,29.33
클라썸.json,클라썸,30.87
클라우드네트웍스.json,클라우드네트웍스,80.73
클라트.json,클라트,18.68
클래게임즈.json,클래게임즈,33.04
클래스메소드코리아.json,클래스메소드코리아,20.67
클러쉬.json,클러쉬,41.2
클레이웍스.json,클레이웍스,25.63
클로비스.json,클로비스,25.87
클로잇.json,클로잇,55.09
클루닉스.json,클루닉스,44.49
클리노믹스.json,클리노믹스,38.8
클리오.json,클리오,43.33
클릭소프트.json,클릭소프트,21.37
클릭앤터치.json,클릭앤터치,29.31
클릭커뮤니케이션.json,클릭커뮤니케이션,25.82
클립서비스.json,클립서비스,54.4
키다리식품.json,키다리식품,71.56
키미데이타.json,키미데이타,34.06
키미디에스.json,키미디에스,29.24
키사이트테크놀로지스코리아.json,키사이트테크놀로지스코리아,48.67
키스자산평가.json,키스자산평가,43.95
키스템프.json,키스템프,67.41
키스템프그룹.json,키스템프그룹,61.37
키스톤마케팅컴퍼니.json,키스톤마케팅컴퍼니,51.57
키엔컴.json,키엔컴,41.36
키움에셋플래너.json,키움에셋플래너,51.27
키움증권.json,키움증권,69.58
키위바인.json,키위바인,53.9
키위플러스.json,키위플러스,41.03
킥더허들.json,킥더허들,46.57
킴앤프렌즈.json,킴앤프렌즈,34.37
킹스정보통신.json,킹스정보통신,32.06
타나.json,타나,33.92
타미마케팅.json,타미마케팅,29.22
타스코.json,타스코,32.67
타이드스퀘어.json,타이드스퀘어,56.92
타이호인스트.json,타이호인스트,48.5
타임게이트.json,타임게이트,43.6
타임교육.json,타임교육,54.89
타임소프트.json,타임소프트,41.42
탐앤탐스.json,탐앤탐스,67.9
탑벨정보.json,탑벨정보,25.88
탑아이앤티.json,탑아이앤티,40.3
탑코.json,탑코,53.52
태강대부.json,태강대부,58.14
태광.json,태광,42.94
태광뉴텍.json,태광뉴텍,39.91
태광데이터시스템.json,태광데이터시스템,40.79
태광산업.json,태광산업,60.52
태림시스템.json,태림시스템,20.87
태성에스엔아이.json,태성에스엔아이,43.36
태성전장.json,태성전장,41.43
태영에스엔에스.json,태영에스엔에스,37.87
태웅.json,태웅,64.1
태웅로직스.json,태웅로직스,63.07
태전약품판매.json,태전약품판매,28.11
태준제약.json,태준제약,49.07
태평양감정평가법인.json,태평양감정평가법인,45.87
태평양해양산업.json,태평양해양산업,37.41
태하.json,태하,47.2
태하메카트로닉스.json,태하메카트로닉스,55.12
터보소프트.json,터보소프트,32.59
테라닉스.json,테라닉스,71.55
테르텐.json,테르텐,35.35
테스나.json,테스나,56.02
테스트이앤씨.json,테스트이앤씨,43.73
테슬라시스템.json,테슬라시스템,35.6
테이아.json,테이아,38.28
테크맥.json,테크맥,33.05
테크밸리.json,테크밸리,42.01
테크빌.json,테크빌,37.73
테크빌교육.json,테크빌교육,54.08
테크아이.json,테크아이,35.89
테크에이스솔루션.json,테크에이스솔루션,31.85
테크윈.json,테크윈,47.54
테크프러스.json,테크프러스,42.3
테키스트.json,테키스트,69.66
테트라.json,테트라,39.64
텍스타일아이앤씨.json,텍스타일아이앤씨,20.82
텍트원.json,텍트원,38.9
텐빌리언보울스.json,텐빌리언보울스,13.51
텐큐브.json,텐큐브,38.55
텐핑.json,텐핑,55.26
텔레칩스.json,텔레칩스,64.46
텔레컨스.json,텔레컨스,39.22
텔레투게더.json,텔레투게더,38.99
텔릿와이어리스솔루션즈.json,텔릿와이어리스솔루션즈,38.12
토니모리.json,토니모리,75.18
"토르드라이브(ThorDrive Co. ,Ltd).json","토르드라이브(ThorDrive Co. ,Ltd)",44.78
토마토시스템.json,토마토시스템,60.64
토마토파트너.json,토마토파트너,33.48
토모큐브.json,토모큐브,41.8
토비스.json,토비스,56.81
토스랩.json,토스랩,69.27
토이스미스.json,토이스미스,33.38
토탈소프트뱅크.json,토탈소프트뱅크,43.65
토페스.json,토페스,46.7
토피도.json,토피도,18.82
통로이미지.json,통로이미지,75.46
투데이게이트.json,투데이게이트,39.54
투믹스.json,투믹스,56.41
투비아이에스컨설팅.json,투비아이에스컨설팅,21.78
투비원솔루션즈.json,투비원솔루션즈,20.88
투비즈테크놀로지.json,투비즈테크놀로지,32.17
투썸데이타.json,투썸데이타,24.67
투씨에스지.json,투씨에스지,40.61
투어마케팅코리아.json,투어마케팅코리아,41.61
투윈스컴.json,투윈스컴,61.77
투이컨설팅.json,투이컨설팅,52.02
투쿨포스쿨.json,투쿨포스쿨,55.79
트라이씨클.json,트라이씨클,32.98
트라이언소프트.json,트라이언소프트,43.25
트라이얼정보통신.json,트라이얼정보통신,35.59
트라콤.json,트라콤,38.99
트랙스로지스코리아.json,트랙스로지스코리아,50.91
트랜스코스모스.json,트랜스코스모스,85.96
트럼피아.json,트럼피아,49.75
트레디오.json,트레디오,18.17
트루본.json,트루본,66.4
트루엔.json,트루엔,48.98
트루인테크놀로지스.json,트루인테크놀로지스,20.61
트리.json,트리,50.24
트리시스.json,트리시스,31.72
트리즈엔.json,트리즈엔,36.59
트리짓소프트웨어.json,트리짓소프트웨어,40.46
트윔.json,트윔,62.48
트인기술.json,트인기술,35.03
특허법인씨엔에스(유).json,특허법인씨엔에스(유),45.71
티라유텍.json,티라유텍,47.36
티라티에스.json,티라티에스,43.21
티랩컨버젼스연구소.json,티랩컨버젼스연구소,41.91
티맥스데이터.json,티맥스데이터,23.05
티맥스소프트.json,티맥스소프트,70.54
티모넷.json,티모넷,51.32
티몬.json,티몬,67.68
티밍위즈.json,티밍위즈,33.7
티볼리씨앤씨.json,티볼리씨앤씨,30.95
티브로드.json,티브로드,44.07
티비스톰.json,티비스톰,44.48
티사이언티픽.json,티사이언티픽,67.88
티센크루프엘리베이터코리아.json,티센크루프엘리베이터코리아,57.54
티스퀘어.json,티스퀘어,22.61
티시스.json,티시스,35.3
티씨알씨앤엠.json,티씨알씨앤엠,27.84
티아이에스.json,티아이에스,27.2
티앤아이.json,티앤아이,42.77
티앤에프글로벌.json,티앤에프글로벌,41.95
티앤테크.json,티앤테크,27.69
티에스아이.json,티에스아이,42.87
티에스엔랩.json,티에스엔랩,30.31
티에이나인.json,티에이나인,42.13
티에이케이정보시스템.json,티에이케이정보시스템,58.16
티엔에이치.json,티엔에이치,32.47
티엔지소프트.json,티엔지소프트,30.57
티오이십일.json,티오이십일,42.66
티오케이첨단재료.json,티오케이첨단재료,54.02
티온네트워크.json,티온네트워크,42.83
티와이엠.json,티와이엠,82.27
티웨이항공.json,티웨이항공,69.48
티윈.json,티윈,34.28
티이에이.json,티이에이,19.59
티제이팜.json,티제이팜,67.4
티젠소프트.json,티젠소프트,45.78
티지알앤.json,티지알앤,50.11
티지에스.json,티지에스,56.97
티케이지태광.json,티케이지태광,62.49
티케이케미칼.json,티케이케미칼,48.9
티쿤글로벌.json,티쿤글로벌,47.68
티투엘.json,티투엘,22.72
티티네트웍스.json,티티네트웍스,31.37
티티비.json,티티비,35.9
티피씨인터넷.json,티피씨인터넷,50.17
틸론.json,틸론,62.47
팀프레시.json,팀프레시,53.71
팅크웨어.json,팅크웨어,76.04
파라다이스.json,파라다이스,62.52
파라다이스세가사미.json,파라다이스세가사미,62.4
파라텍.json,파라텍,76.25
파로스인포.json,파로스인포,27.34
파르나스호텔.json,파르나스호텔,66.28
파세코.json,파세코,73.43
파수.json,파수,58.1
파스텍.json,파스텍,43.03
파운트.json,파운트,42.58
파워보이스.json,파워보이스,40.17
파이낸셜데이타시스템.json,파이낸셜데이타시스템,45.01
파이낸셜아이큐.json,파이낸셜아이큐,17.87
파이널데이터.json,파이널데이터,35.69
파이디지털헬스케어.json,파이디지털헬스케어,42.3
파이오링크.json,파이오링크,57.1
파익스.json,파익스,35.05
파인디앤씨.json,파인디앤씨,39.47
파인스태프.json,파인스태프,62.07
파인원커뮤니케이션즈.json,파인원커뮤니케이션즈,58.55
파인웰시스템.json,파인웰시스템,25.2
파인텍.json,파인텍,39.08
파츠몰.json,파츠몰,42.63
파투아.json,파투아,33.35
파트론.json,파트론,82.23
판도라티비.json,판도라티비,60.92
팜스빌.json,팜스빌,53.44
팜젠사이언스.json,팜젠사이언스,66.34
팜피아.json,팜피아,32.31
팝펀딩.json,팝펀딩,29.04
패션그룹형지.json,패션그룹형지,68.25
패스트레인.json,패스트레인,38.81
패스트뷰.json,패스트뷰,52.04
팩앤롤.json,팩앤롤,26.22
팬오션.json,팬오션,70.39
팸텍.json,팸텍,46.94
퍼니이브.json,퍼니이브,43.39
퍼브.json,퍼브,41.85
퍼스트어메리칸권원보험.json,퍼스트어메리칸권원보험,33.79
퍼시스.json,퍼시스,61.86
퍼즐원스튜디오.json,퍼즐원스튜디오,38.55
퍼퓸그라피.json,퍼퓸그라피,36.06
퍼플스.json,퍼플스,46.38
퍼플아카데미.json,퍼플아카데미,58.16
펄어비스.json,펄어비스,77.31
페니로이스.json,페니로이스,36.45
페라가모코리아.json,페라가모코리아,42.71
페르미.json,페르미,36.74
페이게이트.json,페이게이트,42.53
페이누리.json,페이누리,32.6
페이레터.json,페이레터,72.0
페이머스워커.json,페이머스워커,32.77
페이민트.json,페이민트,41.66
페이스시스템.json,페이스시스템,24.2
페일블루닷스튜디오.json,페일블루닷스튜디오,13.93
페코텍.json,페코텍,25.45
페타바이트.json,페타바이트,28.52
페퍼저축은행.json,페퍼저축은행,55.62
펜타린크.json,펜타린크,35.61
펜타시스템테크놀러지.json,펜타시스템테크놀러지,52.75
펜타시큐리티.json,펜타시큐리티,54.51
펨트론.json,펨트론,49.59
편강.json,편강,43.05
평안.json,평안,47.97
평화이엔지.json,평화이엔지,30.62
평화이즈.json,평화이즈,61.51
평화홀딩스.json,평화홀딩스,60.79
포니링크.json,포니링크,51.63
포뎁스.json,포뎁스,43.92
포도.json,포도,37.24
포디웰컴.json,포디웰컴,37.55
포리코리아.json,포리코리아,46.58
포맥스네트워크.json,포맥스네트워크,26.12
포모컴.json,포모컴,36.72
포비즈코리아.json,포비즈코리아,45.7
포소드.json,포소드,42.21
포스로직.json,포스로직,24.61
포스웨이브.json,포스웨이브,31.47
포스젠.json,포스젠,27.36
포스켄.json,포스켄,43.4
포스코DX.json,포스코DX,70.61
포스코홀딩스.json,포스코홀딩스,73.86
포스콤.json,포스콤,51.22
포스크리에이티브파티.json,포스크리에이티브파티,48.86
포스토피아.json,포스토피아,57.51
포스트미디어.json,포스트미디어,41.23
포시에스.json,포시에스,51.71
포씨소프트.json,포씨소프트,43.25
포앤비.json,포앤비,41.59
포어링크.json,포어링크,44.23
포엠크리에이티브.json,포엠크리에이티브,40.27
포우엔지니어링.json,포우엔지니어링,21.83
포웨이브소프트.json,포웨이브소프트,30.31
포이시스.json,포이시스,50.09
포인트모바일.json,포인트모바일,88.83
포인트시스템.json,포인트시스템,22.76
포지큐브.json,포지큐브,39.09
포톤.json,포톤,32.17
폴라리스쉬핑.json,폴라리스쉬핑,76.27
폴라리스쓰리디.json,폴라리스쓰리디,47.41
폴라리스에이아이파마.json,폴라리스에이아이파마,67.47
폴리인스퍼레이션.json,폴리인스퍼레이션,52.52
푸디노에프앤디(F&D).json,푸디노에프앤디(F&D),41.28
푸본현대생명보험.json,푸본현대생명보험,58.24
풀무원.json,풀무원,63.56
풀무원녹즙.json,풀무원녹즙,48.74
풀무원샘물.json,풀무원샘물,37.41
풀무원식품.json,풀무원식품,62.05
풍산시스템.json,풍산시스템,50.17
풍산홀딩스.json,풍산홀딩스,55.19
풍인무역.json,풍인무역,59.87
퓨렌스.json,퓨렌스,42.81
퓨전소프트.json,퓨전소프트,55.12
퓨즈.json,퓨즈,47.14
퓨처젠.json,퓨처젠,46.1
퓨처텍.json,퓨처텍,39.27
퓨쳐누리.json,퓨쳐누리,36.87
퓨쳐시스템.json,퓨쳐시스템,39.37
퓨쳐테크.json,퓨쳐테크,10.14
퓨텍소프트.json,퓨텍소프트,38.56
프라임에듀넷.json,프라임에듀넷,38.72
프라임엔시스템.json,프라임엔시스템,46.13
프랭클린테크놀로지.json,프랭클린테크놀로지,49.03
프레스토솔루션.json,프레스토솔루션,38.8
프레인글로벌.json,프레인글로벌,55.86
프레임아웃.json,프레임아웃,52.72
프로덕션고금.json,프로덕션고금,21.49
프로브디지털.json,프로브디지털,31.25
프로에스콤.json,프로에스콤,71.53
프로엔솔루션.json,프로엔솔루션,39.63
프로토마.json,프로토마,32.51
프로토타입.json,프로토타입,41.16
프로티앤에스.json,프로티앤에스,36.22
프론텍.json,프론텍,20.97
프롭티어.json,프롭티어,50.95
프리버.json,프리버,36.87
프리시젼바이오.json,프리시젼바이오,41.85
프리윌린.json,프리윌린,49.26
프리텔레콤.json,프리텔레콤,42.99
프리트.json,프리트,8.41
플래닛텍.json,플래닛텍,32.29
플래티어.json,플래티어,56.92
플랙스뉴럴랩스.json,플랙스뉴럴랩스,32.59
플랜아이.json,플랜아이,52.93
플랜티넷.json,플랜티넷,79.12
플러스앤.json,플러스앤,44.02
플레이오토.json,플레이오토,21.85
플레이위드코리아.json,플레이위드코리아,48.95
플레이투게더.json,플레이투게더,30.74
플로우테크.json,플로우테크,42.15
플루오린코리아.json,플루오린코리아,45.46
플루토솔루션.json,플루토솔루션,41.41
플립커뮤니케이션즈.json,플립커뮤니케이션즈,53.79
피노텍.json,피노텍,56.73
피닉슨컨트롤스.json,피닉슨컨트롤스,41.29
피데스.json,피데스,24.57
피디소프트.json,피디소프트,34.2
피씨디렉트.json,피씨디렉트,60.56
피씨엔.json,피씨엔,52.38
피아스페이스.json,피아스페이스,30.41
피아이소프트.json,피아이소프트,29.67
피앤디솔루션.json,피앤디솔루션,33.96
피앤디아이앤씨.json,피앤디아이앤씨,36.79
피앤씨알엠.json,피앤씨알엠,35.04
피앤이시스템즈.json,피앤이시스템즈,48.08
피앤피시큐어.json,피앤피시큐어,55.78
피앤피컨설팅.json,피앤피컨설팅,25.13
피앰아이.json,피앰아이,39.41
피어.json,피어,60.8
피에스앤마케팅.json,피에스앤마케팅,84.92
피에스케이홀딩스.json,피에스케이홀딩스,80.89
피엘앤씨테크놀로지.json,피엘앤씨테크놀로지,32.99
피엠그로우.json,피엠그로우,60.04
피엠그룹코리아.json,피엠그룹코리아,34.3
피엠씨프러덕션.json,피엠씨프러덕션,43.58
피엠인터내셔널코리아(유).json,피엠인터내셔널코리아(유),74.04
피죤.json,피죤,66.58
피큐아이넷.json,피큐아이넷,31.89
피타소프트.json,피타소프트,50.9
피투피시스템즈.json,피투피시스템즈,45.05
피티씨.json,피티씨,21.86
피플라이프.json,피플라이프,28.57
피플링크.json,피플링크,41.91
픽셀.json,픽셀,33.36
픽셀허브.json,픽셀허브,23.57
픽소니어.json,픽소니어,60.04
픽스다인웨이메이커.json,픽스다인웨이메이커,53.16
핀즐.json,핀즐,23.58
핀텔.json,핀텔,42.58
필라넷.json,필라넷,46.45
필라웨어.json,필라웨어,42.4
필라테크.json,필라테크,39.48
필로시스.json,필로시스,39.11
필아이티.json,필아이티,42.59
필에너지.json,필에너지,46.45
필옵틱스.json,필옵틱스,66.84
핌즈.json,핌즈,44.56
핏콜라보.json,핏콜라보,37.42
핑거.json,핑거,79.03
핑거포스트.json,핑거포스트,37.86
하나금융지주.json,하나금융지주,74.98
하나금융티아이.json,하나금융티아이,64.5
하나데코.json,하나데코,35.58
하나로의료재단.json,하나로의료재단,45.86
하나로티앤에스.json,하나로티앤에스,69.38
하나머티리얼즈.json,하나머티리얼즈,79.08
하나생명보험.json,하나생명보험,42.8
하나시스.json,하나시스,36.26
하나애드아이엠씨.json,하나애드아이엠씨,49.5
하나정보기술.json,하나정보기술,53.45
하나증권.json,하나증권,70.79
하나카드.json,하나카드,63.26
하닉스.json,하닉스,40.12
하드램.json,하드램,65.54
하드커널.json,하드커널,37.43
하렉스인포텍.json,하렉스인포텍,40.75
하몬소프트.json,하몬소프트,42.69
하미글로벌.json,하미글로벌,53.96
하바스코리아.json,하바스코리아,50.95
하시스.json,하시스,58.67
하우리.json,하우리,46.23
하이게인안테나.json,하이게인안테나,66.28
하이라인닷넷.json,하이라인닷넷,29.42
하이랜드푸드.json,하이랜드푸드,48.01
하이록코리아.json,하이록코리아,52.95
하이버스.json,하이버스,55.89
하이브.json,하이브,96.31
하이브랩.json,하이브랩,57.87
하이브로.json,하이브로,50.39
하이엠솔루텍.json,하이엠솔루텍,51.9
하이온넷.json,하이온넷,37.78
하이웹솔루션.json,하이웹솔루션,35.63
하이윌테크놀로지.json,하이윌테크놀로지,37.39
하이젠헬스케어.json,하이젠헬스케어,15.93
하이즈복합재산업.json,하이즈복합재산업,65.98
하이케이넷.json,하이케이넷,32.79
하이큐시스템.json,하이큐시스템,38.53
하이테커.json,하이테커,48.17
하이텍정보시스템.json,하이텍정보시스템,23.96
하이투자증권.json,하이투자증권,71.5
하이트진로.json,하이트진로,79.86
하이퍼정보.json,하이퍼정보,35.63
하이피스.json,하이피스,25.1
하이호금속.json,하이호금속,59.4
하픽스.json,하픽스,13.06
하해.json,하해,76.04
학교법인 동국대학교.json,학교법인 동국대학교,39.46
한겨레신문사.json,한겨레신문사,80.82
한경닷컴.json,한경닷컴,80.05
한국가상현실.json,한국가상현실,45.54
한국가스기술공사.json,한국가스기술공사,63.95
한국개발연구원.json,한국개발연구원,59.2
한국결제네트웍스 유한회사.json,한국결제네트웍스 유한회사,44.48
한국경제신문.json,한국경제신문,52.98
한국경제티브이.json,한국경제티브이,43.4
한국공정경쟁연합회.json,한국공정경쟁연합회,34.77
한국공항.json,한국공항,93.63
한국과학기술연구원.json,한국과학기술연구원,68.25
한국과학기술정보연구원.json,한국과학기술정보연구원,61.03
한국관광공사.json,한국관광공사,71.99
한국교육과정평가원.json,한국교육과정평가원,61.95
한국교육방송공사.json,한국교육방송공사,63.72
한국교육학술정보원.json,한국교육학술정보원,54.29
한국교직원공제회.json,한국교직원공제회,51.38
한국교통연구원.json,한국교통연구원,54.04
한국국제협력단.json,한국국제협력단,67.68
한국금융아이티.json,한국금융아이티,44.1
한국기가포톤.json,한국기가포톤,47.86
한국기계연구원.json,한국기계연구원,58.5
한국기계전기전자시험연구원.json,한국기계전기전자시험연구원,57.17
한국기능공사.json,한국기능공사,70.84
한국기초과학지원연구원.json,한국기초과학지원연구원,64.36
한국남부발전.json,한국남부발전,72.81
한국내쇼날인스트루먼트.json,한국내쇼날인스트루먼트,62.58
한국네트웍스.json,한국네트웍스,47.03
한국농수산식품유통공사.json,한국농수산식품유통공사,67.43
한국닛다무아.json,한국닛다무아,41.04
한국다이이찌산쿄.json,한국다이이찌산쿄,53.62
한국대학신문사.json,한국대학신문사,40.5
한국랜트로비젼.json,한국랜트로비젼,36.79
한국로슈.json,한국로슈,54.82
한국리서치.json,한국리서치,50.3
한국리스크관리.json,한국리스크관리,62.73
한국마이크로소프트.json,한국마이크로소프트,57.11
한국마이크로시스템.json,한국마이크로시스템,36.47
한국모바일인증.json,한국모바일인증,84.11
한국몰렉스.json,한국몰렉스,65.67
한국무역정보통신.json,한국무역정보통신,65.27
한국문화예술위원회.json,한국문화예술위원회,56.94
한국문화진흥.json,한국문화진흥,61.37
한국미쓰비시전기오토메이션.json,한국미쓰비시전기오토메이션,59.64
한국미용데이터.json,한국미용데이터,31.97
한국방송공사.json,한국방송공사,64.12
한국보건복지인재원.json,한국보건복지인재원,51.86
한국보건산업진흥원.json,한국보건산업진흥원,53.52
한국보건의료인국가시험원.json,한국보건의료인국가시험원,52.51
한국뷰로베리타스.json,한국뷰로베리타스,52.3
한국비씨피솔루션즈.json,한국비씨피솔루션즈,33.51
한국비앤에스시스템.json,한국비앤에스시스템,35.46
한국비즈넷.json,한국비즈넷,52.61
한국비지네스써비스.json,한국비지네스써비스,30.96
한국비티비.json,한국비티비,51.55
한국사회보장정보원.json,한국사회보장정보원,53.6
한국사회복지공제회.json,한국사회복지공제회,42.64
한국산업기술대학교산학협력단.json,한국산업기술대학교산학협력단,43.42
한국산업기술시험원.json,한국산업기술시험원,65.84
한국산업안전보건공단.json,한국산업안전보건공단,65.54
한국산업은행.json,한국산업은행,75.32
한국산지보전협회.json,한국산지보전협회,44.59
한국산텐제약.json,한국산텐제약,42.26
한국생산기술연구원.json,한국생산기술연구원,65.68
한국생산성본부.json,한국생산성본부,61.88
한국석유공업.json,한국석유공업,52.1
한국선불카드.json,한국선불카드,61.78
한국세라믹기술원.json,한국세라믹기술원,57.91
한국세무사회전산법인.json,한국세무사회전산법인,37.8
한국소비자원.json,한국소비자원,58.05
한국소프트웨어아이엔씨.json,한국소프트웨어아이엔씨,46.9
한국수력원자력.json,한국수력원자력,77.19
한국수자원공사.json,한국수자원공사,72.9
한국스탠다드차타드은행.json,한국스탠다드차타드은행,72.76
한국신뢰성기술.json,한국신뢰성기술,36.81
한국신용평가.json,한국신용평가,50.17
한국씨티은행.json,한국씨티은행,74.73
한국아이비엠.json,한국아이비엠,59.08
한국아이티.json,한국아이티,34.41
한국아이티진흥.json,한국아이티진흥,45.49
한국아이티컨설팅.json,한국아이티컨설팅,42.71
한국아즈빌.json,한국아즈빌,48.44
한국알박정밀.json,한국알박정밀,29.6
한국알프스.json,한국알프스,73.51
한국야금.json,한국야금,67.71
한국에스리.json,한국에스리,41.34
한국에스지에스.json,한국에스지에스,77.98
한국에스티엘.json,한국에스티엘,42.91
한국에임.json,한국에임,34.06
한국엔겔기계.json,한국엔겔기계,44.44
한국엡손.json,한국엡손,43.36
한국오라클.json,한국오라클,76.1
한국오피스컴퓨터.json,한국오피스컴퓨터,41.28
한국외식업중앙회.json,한국외식업중앙회,45.94
한국우편사업진흥원.json,한국우편사업진흥원,52.01
한국원자력통제기술원.json,한국원자력통제기술원,52.58
한국유투더블유.json,한국유투더블유,42.66
한국이콜랩(유).json,한국이콜랩(유),47.8
한국인터넷진흥원.json,한국인터넷진흥원,58.66
한국인프라.json,한국인프라,55.0
한국일보사.json,한국일보사,53.03
한국자산평가.json,한국자산평가,51.39
한국재정정보원.json,한국재정정보원,57.18
한국전기교통.json,한국전기교통,41.91
한국전기안전공사.json,한국전기안전공사,65.91
한국전력공사.json,한국전력공사,78.13
한국전자기술연구원.json,한국전자기술연구원,54.81
한국전자인증.json,한국전자인증,50.55
한국전자통신연구원.json,한국전자통신연구원,69.3
한국정보공학.json,한국정보공학,58.57
한국정보기술.json,한국정보기술,23.65
한국정보기술단.json,한국정보기술단,53.36
한국정보기술연구원.json,한국정보기술연구원,45.84
한국정보보호인식.json,한국정보보호인식,27.55
한국정보인증.json,한국정보인증,72.12
한국정보통신.json,한국정보통신,66.55
한국정보통신기술협회.json,한국정보통신기술협회,70.95
한국정보통신진흥협회.json,한국정보통신진흥협회,49.82
한국제일.json,한국제일,36.52
한국제지.json,한국제지,50.15
한국증권금융.json,한국증권금융,68.69
한국청소년상담복지개발원.json,한국청소년상담복지개발원,52.12
한국출판문화산업진흥원.json,한국출판문화산업진흥원,51.04
한국캐피탈.json,한국캐피탈,50.38
한국케이블텔레콤.json,한국케이블텔레콤,38.1
한국코스모.json,한국코스모,35.99
한국코퍼레이션.json,한국코퍼레이션,53.33
한국콜마.json,한국콜마,58.75
한국콩스버그마리타임.json,한국콩스버그마리타임,39.27
한국테크놀로지.json,한국테크놀로지,46.13
한국토지주택공사.json,한국토지주택공사,73.36
한국통신인터넷기술.json,한국통신인터넷기술,45.24
한국투자증권.json,한국투자증권,84.66
한국특강.json,한국특강,46.75
한국특허기술진흥원.json,한국특허기술진흥원,42.5
한국특허전략개발원.json,한국특허전략개발원,52.58
한국티비티.json,한국티비티,55.56
한국파스퇴르연구소.json,한국파스퇴르연구소,50.08
한국팜비오.json,한국팜비오,47.95
한국평가데이터.json,한국평가데이터,56.06
한국표준과학연구원.json,한국표준과학연구원,63.44
한국프라임제약.json,한국프라임제약,42.05
한국플랫폼서비스기술.json,한국플랫폼서비스기술,33.08
한국피자헛(유).json,한국피자헛(유),69.25
한국하니웰.json,한국하니웰,65.0
한국하우톤.json,한국하우톤,45.12
한국학술정보.json,한국학술정보,52.3
한국한의학연구원.json,한국한의학연구원,53.82
한국항공우주산업.json,한국항공우주산업,77.9
한국항공우주연구원.json,한국항공우주연구원,67.15
한국해양과학기술원.json,한국해양과학기술원,54.15
한국해양기상기술.json,한국해양기상기술,39.9
한국행정연구원.json,한국행정연구원,49.02
한국헥사곤메트롤로지.json,한국헥사곤메트롤로지,35.69
한국화웨이기술.json,한국화웨이기술,46.34
한국화장품제조.json,한국화장품제조,54.95
한국환경공단.json,한국환경공단,67.22
한국후지쯔.json,한국후지쯔,65.97
한국후지필름비즈니스이노베이션.json,한국후지필름비즈니스이노베이션,71.58
한국휴렛팩커드.json,한국휴렛팩커드,64.63
한국히타치.json,한국히타치,40.53
한글과컴퓨터.json,한글과컴퓨터,64.6
한기술.json,한기술,30.26
한길씨앤씨.json,한길씨앤씨,42.16
한도.json,한도,42.3
한라엔컴.json,한라엔컴,37.59
한맥기술.json,한맥기술,60.83
한맥아이피에스.json,한맥아이피에스,32.49
한맥정보기술.json,한맥정보기술,40.81
한무컨벤션.json,한무컨벤션,52.92
한미글로벌건축사사무소.json,한미글로벌건축사사무소,64.92
한미반도체.json,한미반도체,87.03
한미약품.json,한미약품,68.57
한미헬스케어.json,한미헬스케어,32.72
한빛마이크로시스템.json,한빛마이크로시스템,45.12
한빛소프트.json,한빛소프트,67.57
한살림사업연합.json,한살림사업연합,44.29
한샘개발.json,한샘개발,61.71
한샘글로벌.json,한샘글로벌,47.49
한섬.json,한섬,74.43
한성.json,한성,52.04
한성시스코.json,한성시스코,43.89
한성아이넷.json,한성아이넷,32.66
한성자동차.json,한성자동차,38.31
한성칼라.json,한성칼라,41.15
한세드림.json,한세드림,71.07
한세실업.json,한세실업,77.12
한솔PNS IT서비스 부문.json,한솔PNS IT서비스 부문,47.12
한솔테크닉스.json,한솔테크닉스,53.78
한스바이오메드.json,한스바이오메드,48.06
한스웰.json,한스웰,37.55
한스콤정보통신.json,한스콤정보통신,35.47
한시큐리티.json,한시큐리티,37.97
한신정보.json,한신정보,23.78
한싹.json,한싹,48.19
한양이엔지.json,한양이엔지,74.96
한양정보기술.json,한양정보기술,26.04
한영넉스.json,한영넉스,60.93
한영시스텍.json,한영시스텍,37.79
한온시스템.json,한온시스템,72.54
한올바이오파마.json,한올바이오파마,56.3
한우리아이티.json,한우리아이티,35.49
한우물.json,한우물,46.26
한울솔루션.json,한울솔루션,34.51
한익스프레스.json,한익스프레스,78.67
한일네트웍스.json,한일네트웍스,68.27
한일단조공업.json,한일단조공업,37.87
한일에스티엠.json,한일에스티엠,43.89
한일오닉스.json,한일오닉스,40.81
한일통신.json,한일통신,34.56
한전의료재단한일병원.json,한전의료재단한일병원,46.86
한전케이디엔.json,한전케이디엔,61.77
한진.json,한진,75.41
한진관광.json,한진관광,68.32
한진정보통신.json,한진정보통신,84.01
한컴위드.json,한컴위드,52.1
한컴이노스트림.json,한컴이노스트림,44.0
한화.json,한화,73.94
한화갤러리아.json,한화갤러리아,33.69
한화디펜스.json,한화디펜스,46.74
한화비전.json,한화비전,40.24
한화생명보험.json,한화생명보험,70.37
한화손해보험.json,한화손해보험,62.54
한화솔루션.json,한화솔루션,69.85
한화시스템.json,한화시스템,85.1
한화엔진.json,한화엔진,33.3
한화오션.json,한화오션,66.52
한화이글스.json,한화이글스,51.3
한화자산운용.json,한화자산운용,55.66
한화컨버전스.json,한화컨버전스,37.69
한화큐셀코리아.json,한화큐셀코리아,44.02
한화투자증권.json,한화투자증권,64.68
함소아.json,함소아,44.39
함소아제약.json,함소아제약,51.79
해강개발.json,해강개발,41.4
해브앤비 유한회사.json,해브앤비 유한회사,85.05
해브잇올.json,해브잇올,25.9
해성디에스.json,해성디에스,59.33
해성손해사정.json,해성손해사정,50.7
해성옵틱스.json,해성옵틱스,55.21
해안종합건축사사무소.json,해안종합건축사사무소,78.82
해오름인포텍.json,해오름인포텍,41.79
해커스어학원.json,해커스어학원,66.37
해피라이징.json,해피라이징,44.28
해피머니아이엔씨.json,해피머니아이엔씨,49.87
핸디소프트.json,핸디소프트,68.72
핸디커뮤니케이션즈.json,핸디커뮤니케이션즈,37.81
허그맘허그인 심리.json,허그맘허그인 심리,46.37
헤럴드.json,헤럴드,57.11
헤렌드건설.json,헤렌드건설,16.06
헤리트.json,헤리트,42.29
헤즈.json,헤즈,40.36
헥토데이터.json,헥토데이터,39.87
헥토이노베이션.json,헥토이노베이션,60.8
헥토파이낸셜.json,헥토파이낸셜,84.18
헬러코리아.json,헬러코리아,51.17
헬스맥스.json,헬스맥스,41.2
헬스커넥트.json,헬스커넥트,43.06
헬스케어네비.json,헬스케어네비,16.15
현대글로비스.json,현대글로비스,78.44
현대로템.json,현대로템,80.03
현대모비스.json,현대모비스,115.91
현대백화점.json,현대백화점,74.29
현대성우쏠라이트.json,현대성우쏠라이트,47.65
현대씨앤알.json,현대씨앤알,74.07
현대아이티.json,현대아이티,39.34
현대에버다임.json,현대에버다임,81.86
현대에이치디에스.json,현대에이치디에스,52.63
현대에이치티.json,현대에이치티,79.22
현대엔지니어링.json,현대엔지니어링,78.65
현대엘리베이터.json,현대엘리베이터,72.75
현대오토에버.json,현대오토에버,75.7
현대위아.json,현대위아,85.12
현대인프라코어.json,현대인프라코어,38.1
현대자동차.json,현대자동차,91.17
현대정보기술.json,현대정보기술,49.84
현대제철.json,현대제철,75.52
현대종합금속.json,현대종합금속,62.78
현대지에프홀딩스.json,현대지에프홀딩스,33.76
현대차증권.json,현대차증권,69.48
현대카드.json,현대카드,58.86
현대캐피탈.json,현대캐피탈,63.45
현대코퍼레이션.json,현대코퍼레이션,70.65
현대파워텍.json,현대파워텍,61.81
현대퓨처넷.json,현대퓨처넷,55.3
현성오토텍.json,현성오토텍,39.11
현진스포텍.json,현진스포텍,55.61
현진시닝.json,현진시닝,44.29
현진아이씨티.json,현진아이씨티,37.95
형설이엠제이.json,형설이엠제이,38.74
호반스카이밸리.json,호반스카이밸리,24.47
호스트웨이아이디씨.json,호스트웨이아이디씨,60.21
호스팅글로벌.json,호스팅글로벌,21.03
호아소프트.json,호아소프트,30.86
호전실업.json,호전실업,57.33
호텔롯데.json,호텔롯데,69.93
호텔신라.json,호텔신라,71.05
호텔패스글로벌.json,호텔패스글로벌,45.12
호현에프앤씨.json,호현에프앤씨,39.33
호혜.json,호혜,40.49
홈캐스트.json,홈캐스트,54.28
홈페이지코리아.json,홈페이지코리아,47.33
홈플러스.json,홈플러스,67.58
화신파워텍.json,화신파워텍,24.47
화이트스캔.json,화이트스캔,39.54
화이트정보통신.json,화이트정보통신,43.29
화천기공.json,화천기공,55.37
환경과학기술.json,환경과학기술,49.28
효돌.json,효돌,33.22
효성.json,효성,73.66
효성디앤피.json,효성디앤피,36.72
효성에프엠에스.json,효성에프엠에스,39.15
효성인포메이션시스템.json,효성인포메이션시스템,39.37
후니드.json,후니드,57.77
휴네시온.json,휴네시온,57.15
휴넷.json,휴넷,61.87
휴노.json,휴노,43.13
휴노테크 경영본부.json,휴노테크 경영본부,39.18
휴런트.json,휴런트,18.64
휴림로봇.json,휴림로봇,78.97
휴맥스.json,휴맥스,56.46
휴머스원.json,휴머스원,49.64
휴먼밸런스.json,휴먼밸런스,35.76
휴먼비젼.json,휴먼비젼,54.5
휴먼씨엔씨.json,휴먼씨엔씨,33.41
휴먼인러브.json,휴먼인러브,34.43
휴먼정보.json,휴먼정보,40.01
휴먼정보기술.json,휴먼정보기술,41.11
휴먼컨설팅그룹.json,휴먼컨설팅그룹,46.55
휴먼테크놀로지.json,휴먼테크놀로지,44.99
휴먼플러스.json,휴먼플러스,34.64
휴메인시스템.json,휴메인시스템,27.54
휴민로보틱스.json,휴민로보틱스,38.65
휴민텍.json,휴민텍,16.18
휴비즈넷.json,휴비즈넷,48.21
휴빌론.json,휴빌론,41.84
휴스틸.json,휴스틸,56.7
휴앤소프트.json,휴앤소프트,37.45
휴앤시스.json,휴앤시스,39.19
휴엔시스템.json,휴엔시스템,33.88
휴테크산업.json,휴테크산업,51.55
휴템.json,휴템,41.43
휴피스.json,휴피스,36.75
히즈윌.json,히즈윌,27.17
히타치터미널솔루션즈코리아.json,히타치터미널솔루션즈코리아,48.47
힘스.json,힘스,50.19
