companyName,score
에스케이하이닉스,82.76
삼성전자,82.66
현대자동차,81.79
대림산업,80.69
LG화학,79.14
현대모비스,78.7
카카오,76.55
SK텔레콤,75.87
비바리퍼블리카,75.49
LG CNS,74.34
케이티,73.91
제일기획,73.83
하이트진로,73.33
엔씨소프트,72.85
네이버,72.79
콜마그룹,72.74
CJ제일제당,72.64
넥슨코리아,72.16
한국투자증권,72.05
하이브,71.77
우리은행,71.71
한국수력원자력,71.71
엘지전자,71.45
삼성이앤에이,71.39
KCC,71.1
펄어비스,71.06
삼성에스디에스,71.04
케이티앤지,71
대한무역투자진흥공사,70.93
엘지이노텍,70.78
에스엠엔터테인먼트,70.75
국민건강보험공단,70.72
한국전력공사,70.47
LG,70.34
신세계,70.31
현대엔지니어링,70.27
대한항공,70.22
크래프톤,70.19
우아한형제들,70.14
코스맥스비티아이,70.11
현대제철,70.03
현대로템,69.7
컴투스,69.65
케이비증권,69.62
삼성바이오로직스,69.59
한섬,69.58
현대백화점,69.53
삼성화재해상보험,69.38
현대위아,69.34
SK에코플랜트,69.18
한국항공우주산업,69.12
롯데케미칼,68.83
세메스,68.79
GS리테일,68.74
한화,68.48
삼성전기,68.37
녹십자,68.35
프로에스콤,68.19
CJ ENM,68.11
대웅제약,68.03
금호석유화학,67.92
효성,67.89
만도,67.74
삼성디스플레이,67.63
SK C&C,67.61
현대오토에버,67.58
한국남부발전,67.42
LG유플러스,67.41
비씨카드,67.4
미래에셋자산운용,67.29
현대엘리베이터,67.25
하나금융지주,67.16
삼성증권,67.09
삼양식품,67.04
호텔신라,67.04
맨파워코리아,67.03
한국수자원공사,66.91
한국산업은행,66.88
엘에스일렉트릭,66.84
DB하이텍,66.83
한화시스템,66.78
대원제약,66.74
마이다스아이티,66.71
LF,66.69
LX하우시스,66.65
두산,66.65
잡코리아(유),66.65
신한카드,66.62
한국스탠다드차타드은행,66.62
에이치엠엠,66.56
한온시스템,66.56
쿠팡,66.31
한국토지주택공사,66.3
국민연금공단,66.07
동아쏘시오홀딩스,66.04
포스코홀딩스,66.04
에스케이쉴더스,65.94
에스케이실트론,65.94
삼성웰스토리,65.92
신세계인터내셔날,65.89
맥서브(Maxerve Co.,65.86
호텔롯데,65.83
엔에이치엔,65.74
대우건설,65.66
일동제약,65.61
DB손해보험,65.58
샘표,65.55
티웨이항공,65.49
현대글로비스,65.49
야놀자,65.36
도쿄일렉트론코리아,65.32
국민은행,65.27
농심,65.15
쿠쿠홀딩스,65.06
한국공항,65.01
씨게이트,64.87
신세계아이앤씨,64.8
중앙일보,64.8
NAVER I&S,64.76
아워홈,64.72
한국관광공사,64.7
포스코DX,64.68
한화생명보험,64.62
보령,64.58
에이치디현대인프라코어,64.55
에스원,64.52
NH농협은행,64.51
대상,64.46
롯데쇼핑,64.43
홈플러스,64.42
KB캐피탈,64.38
엘엑스세미콘,64.33
현대코퍼레이션,64.32
한화솔루션,64.31
네오위즈,64.27
트랜스코스모스,64.25
넷마블,64.23
교통안전공단,64.17
한국씨티은행,64.16
키스템프,64.14
하이투자증권,64.13
슈피겐코리아,64.09
티몬,64.05
이마트,63.95
하나증권,63.88
국방과학연구소,63.85
에이치디에스,63.74
지멘스,63.71
한미약품,63.63
신세계푸드,63.56
오비맥주,63.51
디에이치엘코리아,63.4
교보생명,63.36
SK가스,63.33
키움증권,63.31
해커스어학원,63.31
유니에스,63.29
한국환경공단,63.27
셀트리온제약,63.21
한미반도체,63.21
대교,63.2
신한투자증권,63.2
케이티씨에스,63.13
한국전자통신연구원,63.04
지에스건설,63.02
지마켓,62.94
한국농수산식품유통공사,62.91
문화방송,62.83
한세실업,62.8
한국과학기술연구원,62.77
동화기업,62.76
현대차증권,62.73
삼구아이앤씨,62.65
에스씨케이컴퍼니,62.62
다올투자증권,62.52
에스에프에이,62.52
아데코코리아,62.51
메디톡스,62.49
인터비즈시스템,62.45
아이엠뱅크,62.39
메가스터디교육,62.38
엘에스엠트론,62.37
아모텍,62.36
금호타이어,62.32
써모피셔사이언티픽코리아,62.32
데브시스터즈,62.26
에어부산,62.17
케이지모빌리티,62.17
대한적십자사,62.16
롯데이노베이트,62.13
엘지디스플레이,62.13
안랩,62.03
천재교육,62.02
티맥스소프트,61.95
애드민,61.93
아이아이컴바인드,61.86
구글코리아(유),61.83
D&O,61.74
유한회사 스태츠칩팩코리아,61.7
한국증권금융,61.67
위메이드,61.66
한국항공우주연구원,61.66
신라에이치엠,61.65
한국전기안전공사,61.65
신원,61.61
한화오션,61.61
교보문고,61.59
지니뮤직,61.53
동호에이치알,61.48
케이비국민카드,61.34
씨젠,61.33
지아이티,61.31
한국산업안전보건공단,61.29
위대한상상,61.26
공무원연금공단,61.21
팬오션,61.16
한진,61.15
씨제이씨지브이,61.13
현대씨앤알,61.1
에이치디현대미포,61.05
SK네트웍스,61.02
버킷플레이스,60.99
신성통상,60.96
국립암센터,60.92
유라코퍼레이션,60.83
엘엑스판토스,60.69
원익아이피에스,60.68
제이앤비컨설팅,60.68
신영증권,60.63
윌앤비전,60.6
한국정보통신,60.57
멀티캠퍼스,60.55
도로교통공단,60.47
한국생산기술연구원,60.34
데상트코리아,60.29
제우스,60.29
에이치디씨랩스,60.27
대동공업,60.17
한국방송공사,60.13
웅진씽크빅,60.11
새마을금고중앙회,60.06
인트로맨,60.01
서울대학교병원,60
밀리의서재,59.97
도루코,59.94
폴라리스쉬핑,59.9
바이엘코리아,59.87
엘에스증권(LS증권),59.83
한국가스기술공사,59.81
씨제이메조미디어,59.76
넥센타이어,59.73
대원미디어,59.73
이오테크닉스,59.73
삼성전자판매,59.71
스템코,59.7
고운세상코스메틱,59.69
제이티비씨,59.65
더블유컨셉코리아,59.63
아이스크림에듀,59.63
이스타항공,59.56
차이커뮤니케이션,59.54
에프알엘코리아,59.51
메타엠,59.5
덴티움,59.47
한국국제협력단,59.47
삼일회계법인,59.43
코스트코코리아,59.43
아스타아이비에스,59.4
한국교육방송공사,59.38
한글과컴퓨터,59.38
코오롱인더스트리,59.35
다날,59.34
SFA반도체,59.32
파인스태프,59.32
풀무원,59.31
콘티넨탈오토모티브일렉트로닉스,59.28
에드워드코리아,59.26
이디야,59.23
예스이십사,59.22
동진쎄미켐,59.21
삼성메디슨,59.2
엔에이치농협캐피탈,59.2
엠즈씨드,59.1
태웅로직스,59.1
드림어스컴퍼니,59.09
이스트소프트,59.09
파라다이스세가사미,59.04
대구텍(유),59.01
미디어로그,58.98
한화투자증권,58.96
케이티디에스,58.94
강원랜드,58.91
이랜드리테일,58.89
텔레칩스,58.89
피에스케이홀딩스,58.89
시몬스,58.81
바디프랜드,58.8
더핑크퐁컴퍼니,58.79
본아이에프,58.73
우리홈쇼핑,58.68
콘텐츠웨이브,58.67
더네이쳐홀딩스,58.66
에코마케팅,58.66
러쉬코리아,58.64
한샘개발,58.63
모트렉스,58.6
한국산업기술시험원,58.6
두잉씨앤에스,58.55
엔에이치엔위투,58.55
영진약품,58.54
휴넷,58.54
슈프리마에이치큐,58.53
영원무역,58.53
키스템프그룹,58.52
제니엘,58.49
제이티비씨스튜디오,58.49
하나머티리얼즈,58.48
한국에스지에스,58.45
대신증권,58.42
우리카드,58.36
메리츠화재해상보험,58.32
좋은책신사고,58.32
신한디에스,58.28
한국표준과학연구원,58.28
인라이플,58.25
매그나칩반도체,58.21
한화손해보험,58.21
대림,58.19
아성다이소,58.19
씨젠의료재단,58.12
농협정보시스템,58.1
나무가,58.03
퍼시스,58.03
엔에이치엔커머스,57.99
한전케이디엔,57.98
풀무원식품,57.97
파라다이스,57.96
조은시스템,57.95
아이패밀리에스씨,57.88
티케이지태광,57.88
엔이능률,57.85
캡스텍,57.79
KB손해보험 대구TC,57.78
하나금융티아이,57.77
해브앤비 유한회사,57.74
이마트24,57.71
캐논코리아,57.69
유진로봇,57.68
코오롱생명과학,57.68
커넥트웨이브,57.67
현대캐피탈,57.65
팅크웨어,57.63
한미글로벌건축사사무소,57.6
이투스교육,57.59
에프에스티,57.56
한양이엔지,57.51
컴퓨존,57.48
아이마켓코리아,57.42
코텍,57.4
한국교육과정평가원,57.34
샤넬코리아(유),57.32
장금상선,57.32
코오롱글로벌,57.29
하나카드,57.21
베네통코리아,57.2
피어,57.2
엔테크서비스,57.18
대한제강,57.16
현대파워텍,57.13
미래엔,57.08
한국기초과학지원연구원,57.07
대한제당,57.03
루트로닉,57.03
동아출판,56.93
커피빈코리아,56.93
이브릿지,56.92
이니스프리,56.9
스마일게이트홀딩스,56.85
인텔리안테크놀로지스,56.85
케이티엔지니어링,56.8
공항철도,56.79
헥토이노베이션,56.77
유신,56.76
신도리코,56.73
모나미,56.71
지지무역,56.66
아이스크림미디어,56.65
신세계디에프,56.59
공차코리아,56.57
케이지이니시스,56.56
파트론,56.46
경동나비엔,56.45
오티스엘리베이터,56.37
코레일유통,56.37
에이젝코리아,56.32
지에스아이티엠(GSITM),56.29
칸타코리아,56.29
태광산업,56.28
비엔케이투자증권,56.27
코엑스,56.27
미성엠프로,56.26
이케이맨파워,56.26
풍인무역,56.25
메가스터디,56.19
미래컴퍼니,56.17
한국과학기술정보연구원,56.13
섹타나인,56.06
에이에스이코리아,56.06
현대종합금속,56.04
씨앤에스자산관리,56.01
다원시스,55.95
유도,55.93
한국몰렉스,55.93
롯데렌탈,55.92
롯데손해보험,55.91
캐럿글로벌,55.88
케이투코리아,55.88
파르나스호텔,55.87
명화공업,55.85
세정,55.85
웰컴저축은행,55.84
케이지에프앤비,55.84
엘브이엠에치코스메틱스(유),55.83
메가존,55.82
노루페인트,55.81
충남대학교병원,55.78
해안종합건축사사무소,55.77
제이에스티나,55.74
드림텍,55.71
카카오브이엑스,55.7
네이트커뮤니케이션즈,55.69
AJ 네트웍스,55.63
고려신용정보,55.63
코리아써키트,55.62
자라리테일코리아,55.58
서울반도체,55.54
대한산업보건협회,55.53
갤럭시아커뮤니케이션즈,55.52
동보,55.52
슈나이더일렉트릭코리아,55.52
동양이엔피,55.48
하시스,55.48
성도이엔지,55.46
더블유스코프코리아,55.44
마크로젠,55.44
코스콤,55.43
쌍용정보통신,55.42
액토즈소프트,55.41
서울보증보험,55.36
핑거,55.35
삼성화재서비스손해사정,55.33
동명기술공단종합건축사사무소,55.31
바나플,55.31
성신양회,55.31
에스제이더블유인터내셔널,55.31
버버리코리아,55.3
이화다이아몬드공업,55.3
매일홀딩스,55.27
에코프로,55.25
수성엔지니어링,55.24
NHN여행박사,55.21
위즈덤하우스,55.21
아이비케이시스템,55.2
조선호텔앤리조트 웨스틴조선서울,55.18
에스제이지세종,55.17
아이엠비씨,55.16
이지케어텍,55.16
블루버드,55.15
(재)서울문화재단,55.14
에스엔패션그룹,55.12
비에이치,55.04
악사손해보험,55.04
대한해운,55.01
디엠씨미디어,54.98
램리서치코리아,54.98
이글루코퍼레이션,54.98
오케이저축은행,54.95
뮬라,54.9
아시아나아이디티,54.87
한국오라클,54.87
NHN벅스,54.85
유베이스유니티,54.85
디어유,54.84
엠포스,54.83
전북은행,54.83
피죤,54.81
레오버넷,54.8
케이티에스테이트,54.8
제이슨그룹,54.79
하이브랩,54.77
해성디에스,54.76
지에스네오텍,54.75
에스비에스콘텐츠허브,54.73
서호전기,54.72
유비쿼스,54.72
삼보모터스,54.71
인팩,54.71
한익스프레스,54.7
신한서브,54.65
우리금융캐피탈,54.65
고영테크놀러지,54.61
삼화왕관,54.61
에스코어,54.61
글로벌스탠다드테크놀로지,54.6
다스,54.59
애니플러스,54.59
바바리안모터스,54.57
한국개발연구원,54.57
한국인터넷진흥원,54.53
후니드,54.51
이도,54.48
토니모리,54.47
원더플레이스 홈플러스 대구성서점,54.45
현대카드,54.45
라이나생명보험,54.38
쎌바이오텍,54.36
아이비커리어,54.34
이트너스,54.3
KB라이프생명보험,54.27
한국콜마,54.27
경인양행,54.26
파수,54.26
한국소비자원,54.25
코나아이,54.24
쁘띠엘린,54.22
라이온코리아,54.2
에스엠코어,54.15
도미노피자(청오디피케이),54.11
쌍방울,54.1
에이치제이중공업,54.06
우리에프아이에스,54.06
한겨레신문사,54.05
서한,54.04
제로투세븐,54.04
메타넷디지털,54.01
지에스홈쇼핑,54
창신아이엔씨,54
한국기계연구원,53.99
한진정보통신,53.99
케이씨이앤씨,53.96
탐앤탐스,53.94
대한산업안전협회,53.93
롯데하이마트,53.93
티센크루프엘리베이터코리아,53.92
에스비아이저축은행,53.9
영풍전자,53.9
피에스앤마케팅,53.9
한국하니웰,53.9
롯데멤버스,53.89
케이지모빌리언스,53.89
삼안,53.85
링네트,53.84
쎄트렉아이,53.84
동부엔지니어링,53.83
연합뉴스,53.83
에이비씨마트코리아,53.81
마크로밀엠브레인,53.8
가온그룹,53.78
동구바이오제약,53.78
동성케미컬,53.76
한국휴렛팩커드,53.76
SK플래닛,53.75
인포뱅크,53.75
참엔지니어링,53.72
리더스코스메틱,53.71
유엔젤,53.71
제주신화월드,53.71
스탭포유,53.7
한국생산성본부,53.7
케이디비생명보험,53.69
선인자동차,53.68
윌로펌프,53.68
캐논쎄미콘덕터엔지니어링코리아,53.68
씨티알,53.67
사람인에이치에스,53.66
넷마블에프앤씨,53.59
엘아이지넥스원,53.58
에이치엔씨네트워크,53.57
아미코스메틱,53.56
롯데카드,53.55
이니텍,53.53
아이비케이투자증권,53.49
지니언스,53.48
지에스씨인터내셔날,53.46
미스터블루,53.45
타이드스퀘어,53.45
파이오링크,53.45
호전실업,53.44
로보스타,53.35
수협은행,53.35
한국세라믹기술원,53.35
그린웹서비스,53.34
좋은사람들,53.34
차케어스,53.34
아이디헬스케어그룹,53.33
팜젠사이언스,53.33
현대에이치티,53.28
수산업협동조합중앙회,53.27
우성,53.27
투믹스,53.26
유라클,53.24
한국문화예술위원회,53.24
한국야금,53.24
매일경제신문사,53.23
에이치비테크놀러지,53.23
원익피앤이,53.22
휴네시온,53.2
시스윈로보틱스,53.16
코오롱베니트,53.15
삼양데이타시스템,53.14
한국미쓰비시전기오토메이션,53.13
케이티스카이라이프,53.12
통로이미지,53.12
국토안전관리원,53.08
하나로티앤에스,53.08
한세드림,53.08
엔디에스,53.07
성주디앤디,53.05
에이치엘디앤아이한라,53.03
이트라이브,53.03
플래티어,53
한국재정정보원,53
토비스,52.99
푸본현대생명보험,52.98
코레일네트웍스,52.94
오로라월드,52.93
가연결혼정보,52.91
케이원정보통신,52.91
네패스,52.86
위니아딤채,52.86
자화전자,52.85
한국마이크로소프트,52.83
경동엔지니어링,52.78
디알텍,52.74
굿리치,52.69
롯데쇼핑 e커머스사업본부,52.68
진인프라,52.68
프레인글로벌,52.68
넥센,52.67
메이크인,52.65
머큐리,52.63
아이파킹,52.63
DSR,52.62
다스카손해사정화재해상,52.6
아모제푸드,52.6
영풍,52.59
투쿨포스쿨,52.58
디파이,52.57
휴스틸,52.57
엑스엘게임즈,52.53
자이언트스텝,52.53
에스넷시스템,52.51
지에이코리아,52.5
에이케이플라자,52.49
한국아이비엠,52.45
메디포스트,52.44
웰크론,52.44
국제방송교류재단,52.42
삼성제약,52.42
삼일제약,52.42
대홍기획,52.39
동화세상에듀코,52.39
청호나이스,52.37
엑셈,52.33
엠로,52.31
한국알프스,52.31
네슬레코리아(유),52.26
싸이버로지텍,52.24
미래에셋캐피탈,52.22
엑시온그룹,52.22
덕일산업,52.17
아이에스시,52.17
애터미,52.17
SK네트웍스서비스,52.16
쿡앱스,52.15
건일제약,52.14
제이비우리캐피탈,52.12
아이쓰리시스템,52.1
이웨이,52.07
코리아인,52.06
슈프리마,52.05
에이텍,52.05
코리아이플랫폼,52.05
라이트브레인,52.04
누리플렉스,52.03
피앤피시큐어,52.02
휴맥스,52.02
모베이스전자,52.01
소만사,52.01
조이시티,52
한빛소프트,52
테스나,51.99
디지털대성,51.93
바이널씨,51.93
동국시스템즈,51.92
조아라,51.92
타임교육,51.9
제넥신,51.87
그린스토어,51.85
아주약품,51.84
엠비씨플레이비(키자니아),51.82
휴먼비젼,51.82
두레시닝,51.8
위비스,51.8
국제손해사정,51.79
한올바이오파마,51.79
페퍼저축은행,51.75
제이엘케이,51.74
온라인팜,51.69
녹십자의료재단,51.64
로보티즈,51.64
하해,51.62
한화자산운용,51.59
애드이피션시,51.57
위본모터스,51.57
일진디스플레이,51.57
아사달,51.56
현진스포텍,51.54
시대고시기획시대교육,51.53
카길애그리퓨리나,51.53
롯데알미늄,51.52
상아프론테크,51.52
아이헤이트플라잉버그스,51.52
엘티삼보,51.52
케이비저축은행,51.51
넛지헬스케어,51.5
경남제약,51.49
쥬비스다이어트,51.49
일렉트로닉아츠코리아유한책임회사,51.46
패션그룹형지,51.45
코맥스,51.44
소니코리아,51.43
클로잇,51.42
대한뉴팜,51.41
한국화장품제조,51.41
에스티유니타스,51.38
에이원손해사정,51.38
대보정보통신,51.37
모비릭스,51.37
에스와이에스리테일,51.37
그라비티,51.33
메디앙스,51.32
매그넘빈트,51.3
무림피앤피,51.3
펜타시큐리티,51.3
동인기연,51.25
엘지헬로비전,51.23
오토리브,51.23
서울우유협동조합,51.22
뱅크웨어글로벌,51.21
에스티오,51.21
인코스파트너스,51.21
양지사,51.2
조광페인트,51.2
한국전자기술연구원,51.18
엘루오씨앤씨,51.16
이씨스,51.14
창의와탐구,51.13
위즈코리아,51.08
이랜드이노플,51.07
화천기공,51.07
신성이엔지,51.06
에릭슨엘지,51.06
위메이드플레이,51.05
성원애드피아,51.04
제이엠피코리아,50.99
테크빌교육,50.99
이지미디어,50.97
큐텐테크놀로지(유),50.97
쿠도커뮤니케이션,50.96
팀프레시,50.94
헥토파이낸셜,50.94
경성문화사,50.92
스마트스코어,50.92
아이티아이즈,50.92
에몬스가구,50.91
한국코퍼레이션,50.9
위블링,50.89
와그트래블,50.88
키위바인,50.88
엔미디어플랫폼,50.87
놀부,50.85
시큐리타스코리아,50.85
GC케어,50.84
헤럴드,50.84
현대퓨처넷,50.84
한국기계전기전자시험연구원,50.83
한일네트웍스,50.83
고진모터스,50.82
아영에프비씨,50.81
씨티케이,50.79
번개장터,50.78
파세코,50.78
더크림유니언,50.77
넷마블네오,50.75
이씨에스텔레콤,50.73
에스씨지솔루션즈,50.72
올포랜드,50.72
유안타제3호기업인수목적,50.72
브랜드웍스코리아,50.7
씨에스윈드,50.7
아이뱅크[디지털웍,50.7
인벤,50.69
인텍전기전자,50.69
아이지에스,50.66
윤성에프앤씨,50.66
이든앤앨리스마케팅,50.66
웅진식품,50.65
한국교육학술정보원,50.63
백패커,50.62
진흥기업,50.61
원봉,50.6
한국로슈,50.58
해성옵틱스,50.58
플립커뮤니케이션즈,50.57
코세스,50.56
신한저축은행,50.55
현대에버다임,50.55
에스케이티엔에스,50.54
제이에스알마이크로코리아,50.54
와이티에스,50.53
그리드위즈,50.52
커리어넷,50.51
풍산홀딩스,50.47
인스웨이브시스템즈,50.46
탑코,50.46
유엘코리아,50.45
이노뎁,50.45
로커스,50.44
아이센스에프앤씨,50.44
에스씨아이평가정보,50.44
대두식품,50.43
아이온커뮤니케이션즈,50.43
아시아경제,50.42
마이뮤직테이스트,50.41
유비케어,50.41
한국후지필름비즈니스이노베이션,50.39
초록마을,50.38
삼정펄프,50.37
티오케이첨단재료,50.37
에스티아이,50.36
디에스이엔,50.32
대성산업,50.31
코리아크레딧뷰로,50.31
에이피텍,50.3
한국사회보장정보원,50.28
한국후지쯔,50.25
뉴시스,50.23
바른컴퍼니,50.23
세종파마텍,50.22
와이비엠넷,50.22
시스원,50.21
씨케이코퍼레이션즈,50.2
코이스,50.2
팜스빌,50.2
픽스다인웨이메이커,50.2
한국정보기술단,50.16
리치푸드,50.12
어드밴텍케이알,50.12
인성의료재단,50.11
휴림로봇,50.09
알피니언메디칼시스템,50.05
한국정보인증,50.05
윕스,50.03
동아사이언스,49.99
알앤비소프트,49.98
엠서클,49.98
비아트론,49.93
로지시스,49.91
한국평가데이터,49.91
네티브,49.88
어바웃펫,49.88
우진플라임,49.88
한국교통연구원,49.88
플랜아이,49.87
포인트모바일,49.84
칩스앤미디어,49.83
프레임아웃,49.83
한국해양과학기술원,49.82
대덕,49.81
유호스트,49.79
이루온,49.78
한솔테크닉스,49.78
디지캡,49.77
에이치와이소프트,49.77
유버,49.77
켐트로닉스,49.77
서영엔지니어링,49.76
한무컨벤션,49.76
큐엠씨,49.75
다날에프엔비,49.74
에이에이씨티,49.73
페이레터,49.73
이피엠네트워크,49.71
브링스코리아,49.7
에스트래픽,49.7
브이피,49.68
한국보건산업진흥원,49.68
인성정보,49.67
인픽스,49.66
엔에스오케이,49.62
엠케이전자,49.62
뉴엔에이아이,49.6
남성해운,49.59
에프엠케이(FMK),49.58
디스트릭트코리아,49.56
웹케시,49.56
린컴퍼니,49.55
바바라 신세계아울렛,49.55
엠게임,49.51
(재)네이버 커넥트,49.5
아이엘사이언스,49.5
한성,49.5
세종텔레콤,49.49
아이씨비,49.47
아이지에이웍스,49.47
엔비티,49.47
지앤지커머스,49.47
와일리,49.46
조선비즈,49.46
코리아에프티,49.46
한국한의학연구원,49.46
이노시뮬레이션,49.45
대상정보기술,49.44
리드코프,49.44
오릭스캐피탈코리아,49.44
레드캡투어,49.43
한국학술정보,49.43
한국다이이찌산쿄,49.42
정우비나,49.41
일진글로벌홀딩스,49.4
PUMA KOREA Ltd.,49.39
갑진,49.39
웅진컴퍼스,49.39
패스트뷰,49.39
도드람푸드,49.38
피씨엔,49.37
조선방송,49.35
체리부로,49.35
펜타시스템테크놀러지,49.35
쏨니아,49.32
케이더블유이코리아,49.32
디지비생명보험,49.31
폴리인스퍼레이션,49.29
미디어그룹사람과숲,49.27
에스이에스,49.26
미디어윌네트웍스,49.25
유니슨,49.24
한국일보사,49.21
파라텍,49.2
레이언스,49.19
바텍이우홀딩스,49.19
유니온커뮤니티,49.19
디케이씨,49.18
브리지텍,49.18
아이센스에프앤비,49.18
틸론,49.18
웹투어,49.17
대한솔루션,49.16
리노미디어,49.14
엘오티베큠,49.14
와이즈와이어즈,49.14
교육지대,49.11
세진중공업,49.11
컬럼비아스포츠웨어코리아 유한회사,49.08
한국피자헛(유),49.08
한진관광,49.08
대륜이엔에스,49.04
로체시스템즈,49.03
알티캐스트,49.03
한경닷컴,49.01
한국경제신문,49
한국뷰로베리타스,49
레페리,48.97
리딩투자증권,48.96
아이비케이연금보험,48.96
한국청소년상담복지개발원,48.96
린나이코리아,48.95
디에이치오토웨어,48.9
한국우편사업진흥원,48.9
엔에이치엔링크,48.87
와이즈넛,48.86
티사이언티픽,48.85
삼우,48.84
오상자이엘,48.84
한컴위드,48.83
강림중공업,48.82
엠아이티마스,48.82
서울신문사,48.81
오디텍,48.81
하이록코리아,48.81
소니인터랙티브엔터테인먼트코리아,48.8
네이버시스템,48.78
쏠리드,48.78
에이비엘생명보험,48.77
선정인터내셔날,48.76
한국정보통신기술협회,48.76
함소아제약,48.76
기도산업,48.73
세바코리아,48.73
서울경제신문,48.72
상화,48.71
세코닉스,48.71
다이퀘스트,48.7
드림씨아이에스,48.7
디트라이브,48.7
한국보건의료인국가시험원,48.7
위버스마인드,48.68
한국특허전략개발원,48.68
승일,48.67
다산네트웍스,48.66
디에스글로벌,48.64
동아닷컴,48.63
오파스넷,48.63
유엔에이엔지니어링,48.63
씨앤토트플러스,48.62
엣지랭크,48.62
필옵틱스,48.62
가비아씨엔에스,48.61
메디트,48.6
토마토시스템,48.6
한국보건복지인재원,48.59
휴테크산업,48.58
솔루엠,48.56
디에이치,48.55
블루콤,48.54
이데일리,48.54
비즈마켓,48.53
현대에이치디에스,48.52
엑스퍼트컨설팅,48.51
잉크테크,48.51
(재)KATRI시험연구원,48.5
딜라이브,48.5
삼원특수지,48.5
엔라인,48.5
뉴옵틱스,48.48
오티디코퍼레이션,48.48
맥슨모터코리아,48.47
동아전기부품,48.46
유진로지스틱스,48.46
피씨디렉트,48.46
오토앤,48.44
스테이션3,48.41
카펙발레오,48.41
영풍문고,48.4
서진시스템,48.38
한국무역정보통신,48.38
듀링,48.37
키스톤마케팅컴퍼니,48.36
시큐아이,48.35
에스제이듀코,48.35
한국모바일인증,48.34
메디아나,48.33
한맥기술,48.33
신한이지손해보험,48.29
한국석유공업,48.29
딜로이트컨설팅,48.26
포시에스,48.26
디에스브이에어앤씨,48.25
포니링크,48.23
유투바이오,48.21
메디쿼터스,48.2
위쉬정보기술,48.2
아비즈,48.17
아이티엠반도체,48.17
하이엠솔루텍,48.17
에이앤유디자인그룹건축사사무소,48.15
꿈비,48.14
앤씨앤,48.14
엘에스케이글로벌파마서비스,48.14
한국자산평가,48.14
티모넷,48.13
동일기술공사,48.1
태웅,48.1
고려대학교산학협력단,48.08
기산전자,48.08
유알피,48.08
케이웨더,48.08
평화홀딩스,48.08
두림야스카와,48.06
지엔앰퍼포먼스,48.05
피엠인터내셔널코리아(유),48.05
에이피위성,48.02
티와이엠,48.01
한국원자력통제기술원,48.01
나온소프트,47.99
씨제이바이오사이언스,47.99
이수정보,47.98
키움에셋플래너,47.97
수펙스테크놀러지,47.96
듀어코리아,47.95
천경해운,47.95
젠큐릭스,47.94
케어원,47.94
오콘,47.92
제노코,47.88
연합인포맥스,47.87
비엔케이시스템,47.85
케이티앤씨,47.84
에임메드,47.81
이루다,47.8
제이스텍,47.8
데이세븐,47.79
바텍엠시스,47.79
알에프텍,47.79
트랙스로지스코리아,47.79
네시삼십삼분,47.78
썬앳푸드,47.78
해성손해사정,47.78
제이티친애저축은행,47.77
애드캡슐소프트,47.74
피타소프트,47.73
이동의즐거움,47.72
오픈베이스,47.71
한국교직원공제회,47.71
던필드알파,47.67
제이씨현시스템,47.66
예스티,47.63
한국문화진흥,47.63
링커리어,47.61
아이투맥스,47.61
하바스코리아,47.61
이스트게임즈,47.6
큐브릿지,47.6
이퓨전아이,47.58
엠큐닉,47.57
유비온,47.57
기가비스,47.56
와이어블,47.56
테라닉스,47.56
트리,47.56
한화이글스,47.56
더블유쇼핑,47.55
엠피에스,47.55
한국출판문화산업진흥원,47.55
윈스,47.52
예스콜닷컴,47.51
와탭랩스,47.51
메타빌드,47.49
리파인,47.48
프롭티어,47.48
메타넷글로벌,47.46
아이톡시,47.45
디자인하우스,47.44
플랜티넷,47.44
에프에스케이엘앤에스,47.41
영화테크,47.4
쿠프마케팅,47.4
미디어텍코리아,47.37
알파,47.36
태강대부,47.36
한영넉스,47.36
나인스쿨,47.34
진원무역,47.33
코우치코리아리미티드 유한회사,47.32
아인텔레서비스,47.31
최신물산,47.31
넷앤드,47.29
세나테크놀로지,47.29
슈어엠,47.29
서진캠,47.28
싸이버원,47.28
이오시스템,47.28
하이브로,47.26
(유)앤서스랩코리아,47.25
케이타운포유,47.25
SUN&L,47.23
포이시스,47.2
한국전자인증,47.2
한국리서치,47.19
클립서비스,47.18
와이즈스톤,47.17
메타바이오메드,47.16
북큐브네트웍스,47.16
알에이치코리아,47.16
유니디아,47.15
핸디소프트,47.15
에어퍼스트,47.14
엔씨아이티에스,47.14
정도유아이티,47.13
단암시스템즈,47.1
지란지교시큐리티,47.1
아이크래프트,47.09
브이엠에스솔루션스,47.08
디와이즈,47.07
엠지손해보험,47.07
세아네트웍스,47.03
제놀루션,47.03
동승 JW메리어트 동,47.02
용감한컴퍼니,47.01
쥴릭파마코리아,46.98
신흥에스이씨,46.97
강원대학교병원,46.96
싸인텔레콤,46.96
캐스트이즈,46.95
티지알앤,46.95
대한광통신,46.94
데이터스트림즈,46.94
넥스트솔루션,46.93
스트롱홀드로보틱스,46.93
하이게인안테나,46.93
아이퀘스트,46.92
그래디언트,46.91
비나텍,46.9
아이엠아이,46.9
케이에스넷,46.9
풍산시스템,46.9
기가레인,46.88
엔키아,46.85
한국제지,46.85
시그네틱스,46.84
디이엔티,46.81
하나애드아이엠씨,46.81
유디아이디,46.8
넷마블엔투,46.79
한국파스퇴르연구소,46.76
시스게이트,46.75
에임시스템,46.73
힘스,46.72
동아엘텍,46.71
아이템베이,46.71
유니메드제약,46.71
경포씨엔씨,46.7
컴파트너스,46.7
제이씨코리아,46.69
부동산일일사,46.67
오픈오브젝트,46.66
바이오플러스,46.64
엔파인,46.64
바로크레디트대부,46.63
마리오쇼핑,46.61
한국선불카드,46.61
현대정보기술,46.6
휴머스원,46.6
뽐뿌커뮤니케이션,46.59
인하대학교 산학협력,46.59
성원아이북랜드,46.58
이스턴네트웍스,46.58
오큐브,46.56
나비스오토모티브시스템즈,46.54
바이온텍,46.53
손해보험협회,46.53
사이넥스,46.52
겟앤쇼(Get & Show),46.49
버즈빌,46.49
가톨릭대학교산학협력단,46.46
다올저축은행,46.45
위즈그룹,46.44
달콤소프트,46.43
모비젠,46.43
와이드모바일,46.43
뉴지랩,46.42
다비치안경체인,46.41
에즈금융서비스,46.41
농협하나로유통,46.4
유니파이,46.4
모아저축은행,46.39
프리윌린,46.38
예술과기술,46.37
트럼피아,46.37
한국정보통신진흥협회,46.37
멜파스,46.35
한국내쇼날인스트루먼트,46.35
트윔,46.34
티피씨인터넷,46.34
밸류마크,46.33
비브스튜디오스,46.33
서흥인터내셔날,46.33
진코퍼레이션,46.32
밸류플러스,46.31
비트맥스,46.31
녹원씨엔아이,46.3
숭실대학교,46.29
옴니시스템,46.29
골드앤에스,46.28
인포젠,46.27
유니트론텍,46.25
유티모스트아이엔에스,46.25
위니텍,46.24
트루본,46.24
발레오전장시스템스코리아,46.23
오너클랜,46.23
한국신용평가,46.23
네오싸이언,46.22
씨디네트웍스,46.22
펨트론,46.21
산와대부,46.19
매경닷컴,46.18
보흥클레온,46.17
씨에스리,46.17
크레텍책임,46.17
대한번역개발원,46.16
크라운해태홀딩스,46.16
(재)전자통관국제협력재단,46.12
조인아이티,46.12
케이비손보씨엔에스,46.12
모나용평,46.1
엑심베이,46.1
오이솔루션,46.1
뷰성형외과,46.09
)종로아카데미,46.08
시사아카데미,46.05
머니투데이,46.04
아이엠캐피탈,46.03
에이앤아이,46.02
에이치앤이루자,46.01
에치에프알,45.99
크루셜텍,45.99
포스토피아,45.99
휴비즈넷,45.99
솔탑,45.98
케이씨에이,45.98
사이버텔브릿지,45.97
셀메이트,45.97
알에프세미,45.97
정원엔시스,45.97
클라우드네트웍스,45.97
엠플러스,45.95
리앤한,45.94
서울데이타통신,45.94
알테어엔지니어링,45.94
카네비모빌리티,45.94
브레이브모바일,45.91
사단법인 한국교과서협회,45.91
지아이티아카데미,45.91
지피에이코리아,45.91
나비엠알오,45.9
비비트리,45.9
에이텍모빌리티,45.9
잉카인터넷,45.89
다래파크텍,45.87
디지토피아,45.86
판도라티비,45.86
에이엔씨인터내셔날,45.84
아이에스에프넷 코,45.83
에스더블유엠,45.83
이크레더블,45.83
하미글로벌,45.83
리레코코리아,45.82
대원씨앤씨,45.81
에이디앤스타일,45.81
에버스핀,45.8
리모트솔루션,45.79
아이보리,45.78
바이널아이,45.77
아이디스,45.77
고우넷,45.73
베베쿡,45.72
콘텐트리중앙,45.72
코카콜라,45.71
퍼플아카데미,45.71
한국캐피탈,45.71
세기알앤디,45.7
어보브반도체,45.7
프랭클린테크놀로지,45.7
네이블,45.69
에스에스알,45.69
두원이에프씨,45.68
오성첨단소재,45.66
㈔한국녹색기후기술원,45.65
소프트원,45.65
서울도시철도엔지니어링,45.64
스코넥 엔터테인먼,45.62
투윈스컴,45.62
윌비스,45.59
태준제약,45.59
브이씨 (보이스캐디),45.58
타이호인스트,45.57
케이비신용정보,45.56
아이티사이언스,45.55
엠씨에스텍,45.55
하이테커,45.55
풀무원녹즙,45.53
플레이위드코리아,45.53
네오플러스,45.52
평안,45.5
메이비원,45.47
유엔에이디지탈,45.46
에이프로젠바이오로직스,45.45
낙스넷,45.44
에어리퀴드코리아,45.44
에브리봇,45.42
진학사,45.42
GfK리테일앤테크놀로지코리아리미티드,45.41
뉴젠스,45.4
유니포인트,45.4
재외동포재단,45.4
폴라리스에이아이파마,45.39
어니컴,45.37
대교씨엔에스,45.36
온누리에이치엔씨,45.33
이룸코리아,45.33
누리어시스템,45.31
동양고속,45.31
블루원,45.31
더위버크리에이티브,45.3
제이티,45.29
하이즈복합재산업,45.29
마스턴투자운용,45.28
야마하뮤직코리아,45.28
포스크리에이티브파티,45.26
꼬망스,45.25
디알씨티에스,45.25
경복궁면세점,45.24
테키스트,45.24
히타치터미널솔루션즈코리아,45.24
데이터클립,45.23
삼호개발,45.23
메타넷티플랫폼,45.21
토스랩,45.19
티제이팜,45.19
한국정보공학,45.19
우진공업,45.18
한국행정연구원,45.18
가온아이,45.17
씨어스테크놀로지,45.16
씨에스에이코스믹,45.16
범우화학공업,45.15
베스파,45.15
더블유에스피아시아리미티드,45.14
디지털플러스시스템,45.14
인터솔루션테크놀로,45.14
서울특별시보라매병원,45.13
에이아이지손해보험,45.13
메가프레스,45.12
트루엔,45.12
이노트리,45.11
케이비아이동국실업,45.11
미디어젠,45.1
브랜디드라이프스타일코리아,45.1
이지메디컴,45.1
루켄테크놀러지스,45.09
모그커뮤니케이션즈,45.08
쎄믹스,45.08
아이피그룹,45.08
이비즈네트웍스,45.08
제이에스디원,45.08
과학기술인공제회,45.06
윈팩,45.05
이제너두,45.04
유플러스아이티,45.03
피엠그로우,45.02
리앙커뮤니케이션즈,45.01
키사이트테크놀로지스코리아,45.01
맨텍,45
성창기업지주,45
씨알에스큐브,44.99
지멘스인더스트리소프트웨어,44.99
한스바이오메드,44.99
넥서스커뮤니티,44.97
엑스퍼넷,44.95
엔캣,44.94
신흥정밀,44.93
아이러시,44.9
엔엑스씨,44.9
한국아즈빌,44.9
이큐브랩,44.87
티케이케미칼,44.87
아이티엠건축사사무,44.86
신비앤텍,44.84
씨유박스,44.83
케이지에이에셋,44.82
하드램,44.82
업스테이지,44.81
티쿤글로벌,44.81
단군소프트,44.8
에스큐아이소프트,44.8
동원개발,44.79
웨이브일렉트로닉스,44.79
네오트랜스,44.78
유니정보,44.78
코페이,44.78
하이랜드푸드,44.72
엔에이치엔인재아이엔씨,44.71
글로벌모터서비스,44.7
비에스지파트너스,44.7
스마일게이트메가포트,44.69
평화이즈,44.69
모니터랩,44.68
아스템즈,44.68
싸이맥스,44.66
아이씨티웨이,44.66
구구스,44.65
가레트모션코리아(유),44.63
사랑방미디어,44.62
에이원대부캐피탈,44.61
호스트웨이아이디씨,44.61
아이와이씨앤씨,44.6
나이스신용평가,44.59
시큐레이어,44.59
마인드원,44.58
이지원인터넷서비스,44.58
한샘글로벌,44.58
피앤이시스템즈,44.54
메리테크,44.53
유컴패니온,44.52
자유투어,44.52
지에스지엠,44.51
유아이네트웍스,44.5
한국소프트웨어아이엔씨,44.49
소프트센,44.48
인콘,44.48
이엘피,44.47
지오스토리,44.46
대한과학,44.44
인티그리트,44.44
폴라리스쓰리디,44.44
홈페이지코리아,44.44
디지털포토,44.42
씨아이솔루션,44.41
유젠,44.41
케이미트,44.41
한국이콜랩(유),44.41
도미노코리아,44.4
한국팜비오,44.4
더열심히,44.39
엘씨텍,44.39
메카로,44.38
글로우데이즈,44.37
엑스오비스,44.35
이즈미디어,44.33
인텔리빅스,44.33
케이지엘,44.32
아주뉴스코퍼레이션,44.31
미르기술,44.3
신한항업,44.29
아이엠씨게임즈,44.29
에이치나인,44.28
큐피플,44.28
에브리데이해피,44.27
정보와기술,44.26
해피머니아이엔씨,44.26
네비웍스,44.24
대동산업,44.24
M캐피탈,44.23
엘림넷,44.23
인투데이타시스템,44.23
기웅정보통신,44.2
오픈소스컨설팅,44.2
광주도시관리공사,44.19
세오,44.18
퓨즈,44.18
세원이앤씨,44.16
위두커뮤니케이션즈,44.15
대주전자재료,44.14
워시스왓,44.14
비지에프에코머티리얼즈,44.13
에이플러스에셋어드바이저,44.13
테크윈,44.13
엠디비젼,44.12
모닝인컨설팅,44.11
그랜드호텔,44.1
다비오,44.09
빅텍,44.09
셀루메드,44.09
마르시스,44.08
에스엠신용정보,44.08
경동원,44.06
현대성우쏠라이트,44.06
(의) 케이씨엘의료재,44.03
팸텍,44.03
이지스,44.01
한국기가포톤,44.01
금영제너럴,44
덴츠플라이시로나코리아,44
아성에이치엠피,43.95
아임유,43.95
메타에스앤씨,43.94
뱅뱅어패럴,43.92
비디,43.91
알파녹스,43.91
이씨플라자,43.9
오픈메이트,43.89
코위버,43.89
부뜰정보시스템,43.88
유니닥스,43.88
케이아이에스정보통신,43.87
락플레이스,43.85
아이로지스틱스,43.84
오성사,43.84
기흥모터스,43.83
토페스,43.83
심네트,43.82
인터콘시스템스,43.82
체리쉬,43.82
이파피루스,43.8
리서치앤리서치,43.78
엔젤로보틱스,43.78
세나클,43.77
티라유텍,43.77
킥더허들,43.75
태하,43.75
허그맘허그인 심리,43.75
비솔,43.74
아이엘포유,43.73
제로웹,43.73
한국네트웍스,43.73
인스팟,43.71
씨엠티정보통신,43.7
경우시스테크,43.69
에프앤가이드,43.66
어빌리티시스템즈,43.63
아반스트레이트코리아,43.62
애즈랜드,43.62
태하메카트로닉스,43.61
에이앤티솔루션,43.6
퍼플스,43.57
넥스콘테크놀러지,43.56
다임즈,43.55
동진상선,43.55
엑스오소프트,43.54
유오케이,43.54
잉글리쉬앤,43.53
에스알포스트,43.52
프라임엔시스템,43.52
씨엔티테크,43.49
아워콤,43.49
필라넷,43.48
이노피아테크,43.47
씨브이네트,43.46
한솔PNS IT서비스 부문,43.45
미래에셋생명보험,43.44
오브젠,43.44
메디칼스탠다드,43.43
한우물,43.43
솔리데오시스템즈,43.42
엔텍정보통신,43.42
신보,43.4
인사이트코리아,43.4
퓨처젠,43.4
농심엔지니어링,43.39
비브이씨피에스에이디티코리아,43.39
에이텍시스템,43.39
엔코아,43.38
영훈의료재단,43.37
조이맥스,43.36
중앙제어,43.36
한화디펜스,43.36
유에스티21,43.33
긴트,43.3
아이에스테크놀로지,43.3
디모아,43.29
알씨아이파이낸셜서비스코리아,43.29
제페토,43.29
지앤푸드,43.29
텐핑,43.28
한전의료재단한일병원,43.28
교세라도큐먼트솔루션스코리아,43.27
금성에이스산업,43.27
필에너지,43.27
사이넷,43.26
서울시립대학교,43.26
이랜서,43.26
에이이엠모빌리티,43.23
올라이트라이프,43.23
티젠소프트,43.23
스마트저축은행,43.21
아이스트로,43.21
하이호금속,43.21
휴먼컨설팅그룹,43.21
신라교역,43.19
뉴스킨코리아,43.16
한국외식업중앙회,43.16
아이디피,43.14
코리아퍼스텍,43.14
벤제프,43.13
블루마운틴소프트,43.13
씨넥스존,43.12
111퍼센트,43.11
시어스랩,43.09
저먼코리아,43.09
두원전자통신,43.08
렉스젠,43.08
딥노이드,43.07
포리코리아,43.07
엠피지오,43.06
이노그리드,43.06
이지스엔터프라이즈,43.05
크레템,43.05
하나로의료재단,43.05
엔시큐어,43.04
미니레코드,43.03
코밴,43.03
수산아이앤티,43.02
에스티에이테스팅컨설팅,43.02
엔에이치선물,43.01
투이컨설팅,43.01
오픈엣지테크놀로지,43
창성,43
엘에스웨어,42.99
이즈피엠피,42.99
한국정보기술연구원,42.99
스탁컴퍼니,42.97
비즈톡,42.95
에프에이솔루션,42.95
국제식물검역인증원,42.92
네오펙트,42.91
지에이시스템,42.91
사조산업,42.9
쓰리디팩토리,42.9
엘에스글로벌인코퍼레이티드,42.9
씨앤토트,42.89
이감,42.88
나이콤,42.87
퓨전소프트,42.87
계양전기,42.86
그린맨파워,42.86
와우프레스,42.86
중앙신용정보,42.85
포비즈코리아,42.85
소프트파워,42.83
에어코드,42.82
엔시스템,42.82
나라컨트롤,42.81
라닉스,42.79
에이치엘엠씨,42.79
엑시콘,42.79
유비젠에스엔티,42.79
위트콤,42.78
이너버스,42.78
전략물자관리원,42.78
리더스손해사정,42.77
에프엠에스코리아,42.76
글로벌리서치,42.75
디섹,42.75
에센티스,42.75
제오젠,42.75
한국가상현실,42.75
네오오토,42.74
보그워너충주유한책임회사,42.74
뉴데일리,42.72
두라로지스틱스,42.71
글로벌텔레콤,42.7
더케이예다함상조,42.7
상상스토리,42.7
세일코리아넷,42.68
동국대학교일산병원,42.67
크레셈,42.67
누리꿈소프트,42.66
이다커뮤니케이션즈,42.66
진서,42.66
구영테크,42.65
엠투아이코퍼레이션,42.62
디라직,42.61
머니투데이방송,42.61
무진전자,42.61
아주스틸,42.59
크레버스,42.59
포스콤,42.59
크리스피드,42.57
이노디스,42.56
삼화양행,42.55
알에프메디컬,42.55
우일씨앤텍,42.55
월덱스,42.54
고려저축은행,42.53
하우리,42.53
인지디스플레이,42.51
한빛마이크로시스템,42.49
스마일드래곤,42.48
재능이아카데미,42.47
에스알디퓨처스,42.46
스피쿠스,42.45
시너지컨설팅,42.45
이트론,42.45
굿모닝아이텍,42.44
지오투정보기술,42.44
미플즈,42.43
유클릭,42.43
일정실업,42.43
한국통신인터넷기술,42.43
아토텍코리아,42.41
태평양감정평가법인,42.4
씽크풀,42.39
에이루트,42.37
조인스엠,42.37
파인원커뮤니케이션즈,42.37
엑스큐어,42.36
유경제어,42.36
한국화웨이기술,42.36
전시몰닷컴,42.34
코닉글로리,42.34
에스지에이솔루션즈주,42.33
나날에스엠아이,42.32
미원화학,42.32
의료법인 한양의료재단,42.32
지에프에스,42.32
영진이엘,42.31
인트로메딕,42.31
말레동현필터시스템,42.3
웨어포인트,42.3
밀레에델바이스홀딩스,42.29
인젠트,42.29
중앙하이텔,42.26
특허법인씨엔에스(유),42.26
동은정보기술,42.25
인실리코,42.25
코드파트너즈,42.24
피투피시스템즈,42.24
에너지움,42.22
진우에이티에스,42.22
한국아이티진흥,42.22
금솔커뮤니케이션,42.21
메디젠휴먼케어,42.21
아인시스아이엔씨,42.21
제때,42.21
알볼로에프앤씨,42.2
어세스타,42.19
위팬,42.18
모바일 어플라이언스,42.14
시큐브,42.14
가온브로드밴드,42.13
브이원텍,42.13
서비스에이스,42.13
세시소프트,42.13
대곤코퍼레이션,42.12
티에이케이정보시스템,42.11
선진모터스,42.1
이스톰,42.1
콜로세움코퍼레이션,42.06
그린카,42.03
신비웹,42.02
아레이몬드 유한책임회사,42.02
유밥,42.01
코윈디에스티,42.01
호텔패스글로벌,42.01
디엑스지,42
키다리식품,41.99
디케이비엠시,41.95
새서울레저,41.95
이씨오,41.95
구주제약,41.93
대영유비텍,41.93
메가슈플렉스에스마켓,41.92
세원전자,41.92
비앤에프테크놀로지,41.9
우리별,41.9
플루오린코리아,41.9
스톰미디어,41.89
휴먼테크놀로지,41.88
온라인파워스,41.87
비콘아이앤씨,41.86
오비고,41.85
녹십자엠에스,41.84
메디오피아테크,41.84
빌포스트,41.83
바비톡,41.82
스타자동차,41.82
모다,41.81
이토마토,41.79
선앤엘인테리어,41.78
세니온,41.78
우정항공,41.78
커브스코리아,41.77
웹브라이트,41.71
그림,41.7
위메이드커넥트,41.7
유브릿지,41.69
비케이탑스,41.68
쏠리드윈텍,41.68
케이사인,41.68
제이에스오토모티브,41.67
연합시스템,41.66
유탑엔지니어링,41.66
디엔에이소프트,41.64
아이엠에스모빌리티,41.64
해피라이징,41.64
비즈니스온커뮤니케이션,41.63
미라지웍스,41.62
산업마케팅,41.62
파이낸셜데이타시스템,41.61
포어링크,41.61
함소아,41.61
켐에쎈,41.6
SGA,41.59
제일특허법인 (유),41.59
씨엘엠앤에스,41.58
자이언트네트워크그룹,41.58
한국하우톤,41.58
한국기능공사,41.56
보험몰닷컴,41.55
위즈베이스,41.55
이노브,41.55
씨이랩,41.54
컴즈,41.54
대륙,41.53
장인가구,41.52
주인정보시스템,41.52
스포피드,41.51
에즈웰플러스,41.51
케이티지,41.51
디지털타임스,41.5
아티스트유나이티드,41.5
동특,41.49
메이젠인터렉트,41.49
싸이웍스,41.49
녹십자이엠,41.48
대륙제관,41.48
시냅스이미징,41.47
한살림사업연합,41.47
다우텔레콤,41.45
미디어허브,41.44
경기일보,41.43
HC컴퍼니,41.42
그린텍아이엔씨,41.42
오래온라이프사이언스,41.42
콜론디,41.42
세계일보,41.41
테스트이앤씨,41.41
플러스앤,41.41
아이비스코리아,41.4
청호ICT,41.4
핌즈,41.4
에이투엠,41.39
지엠티,41.37
엔시스,41.36
유비퍼스트대원,41.36
케이풀스,41.36
에어텔닷컴,41.35
에코시안,41.35
미디어창비,41.34
클루닉스,41.34
대한주택관리사협회,41.33
리눅스웨어,41.33
이엘케이,41.33
골드플레이트,41.32
인텔리안시스템즈,41.31
캐리마,41.31
넵코어스,41.3
노츠,41.3
피엠씨프러덕션,41.3
시큐어원,41.29
유클리드소프트,41.28
디젠,41.27
오렌지스퀘어,41.27
지란지교에스앤씨,41.27
한국산지보전협회,41.26
ES큐브,41.24
노르마,41.24
마쉬코리아 보험중개,41.24
포뎁스,41.24
케이티파워텔,41.23
한국결제네트웍스 유한회사,41.23
아이젝스,41.22
메츠에이치아이티,41.21
뉴젠솔루션,41.2
바로연 결혼정보,41.19
수현,41.17
코리아리서치인터내,41.12
시지메드텍,41.11
현진시닝,41.1
다누시스,41.08
마이원,41.08
엔클로니,41.08
잘레시아,41.08
쏘테크,41.07
에스엔에이,41.07
키스자산평가,41.06
코스코쉬핑라인스한국,41.05
한국금융아이티,41.04
이썸테크,41.03
진두아이에스,41.03
엠티데이타,41.02
위버스브레인,41.01
유안타저축은행,41.01
캔즈플렉스,41.01
티비스톰,41
한국엔겔기계,41
한컴이노스트림,41
한일에스티엠,40.99
이가종합건축사사무소,40.96
코그넥스코리아,40.96
제일감정평가법인,40.95
빅텍스,40.94
한국산업기술대학교산학협력단,40.94
케이티서비스남부,40.93
쎄크,40.89
제노이드,40.89
디멕스,40.88
신성씨앤에스,40.88
스펙트라,40.87
씨에스아이엔테크,40.87
의식주컴퍼니,40.86
참좋은인터넷,40.86
크레온유니티,40.86
한성시스코,40.85
동원금속,40.83
넥스챌,40.82
인키움,40.82
자비스앤빌런즈,40.81
피노텍,40.81
글로비트,40.79
블루이엔지,40.79
에스씨엘,40.79
인벤티스,40.79
티브로드,40.78
국립산림과학원,40.77
그립,40.77
비모소프트,40.77
모스티소프트,40.75
원트리즈뮤직,40.75
모두의연구소,40.74
글로벌네트웍스,40.73
아이즈비전,40.73
그린조이,40.72
아로정보기술,40.7
케이피에스,40.68
픽소니어,40.68
글로벌제너레이션,40.67
네오게임즈,40.67
대화감정평가법인,40.67
"토르드라이브(ThorDrive Co. ,Ltd)",40.67
상아매니지먼트컨설팅,40.65
퍼니이브,40.65
대주기계,40.64
르호봇비즈니스인큐베이터,40.64
오피스허브,40.63
화이트정보통신,40.63
데이터플러스,40.62
리드피플,40.62
에이티앤에스코리아,40.62
태성에스엔아이,40.62
나라신용정보,40.61
불스원,40.6
시루정보,40.6
엑스페릭스,40.59
크레소티,40.59
디포커스,40.57
조세통람,40.57
도전하는사람들,40.54
루미르,40.53
에듀서브,40.49
티라티에스,40.49
에이치앤엠,40.48
새롬정보시스템,40.47
휴노,40.47
인밸류비즈,40.46
브이티더블유,40.44
블루트리,40.44
토탈소프트뱅크,40.44
씨유메디칼시스템,40.42
타임게이트,40.41
한국인프라,40.4
소프트웍스,40.39
아머드 프레시,40.39
원더풀플랫폼,40.39
데이타뱅크,40.38
한국테크놀로지,40.38
한화큐셀코리아,40.38
에이티센스,40.37
전능아이티,40.37
데이사이드,40.35
신양금속공업,40.34
에스디씨아이티,40.34
클리오,40.34
리더스시스템즈,40.32
엠앤와이즈,40.32
트라이언소프트,40.32
다컴시스템,40.31
십이지,40.3
씨제이텔레닉스,40.28
아이스앤브이,40.28
엑스게이트,40.28
지케스,40.28
편강,40.28
퓨렌스,40.28
디지털헤럴드,40.27
제이와이커스텀,40.27
리멤버앤컴퍼니,40.25
위엠비,40.24
한국아이티컨설팅,40.24
환경과학기술,40.24
와이지플러스,40.23
포스켄,40.23
날개물류,40.22
두손소프트,40.21
에이치제이컬쳐,40.2
씨아이에이열린교육,40.19
서커스컴퍼니,40.18
온아이티시스템,40.18
아이티에스노아,40.16
인터페이스정보기술,40.16
아이포터,40.15
뉴빛테크놀러지,40.14
지엔소프트,40.14
세하,40.13
비욘드테크,40.12
경보전기,40.11
아이티앤씨,40.11
엘에스컴퍼니,40.11
사이버메드,40.1
네오티스,40.09
포씨소프트,40.09
켐옵틱스,40.08
티앤아이,40.07
삼현비앤이,40.06
지테크시스템,40.06
지텍,40.06
이에스이,40.05
프리텔레콤,40.04
테크프러스,40.02
리메드,40.01
티온네트워크,40.01
중앙교육,39.99
다울지오인포,39.97
브이씨에이테크놀로지,39.97
비트나인,39.97
쓰리웨이,39.97
에이엠시지,39.97
베이직테크,39.94
파스텍,39.94
카비,39.93
와이쓰리에스,39.92
유니컴즈,39.91
우리강산시스템,39.9
지슨,39.9
페라가모코리아,39.9
와이아이씨컴퍼니,39.89
헬스커넥트,39.89
벨정보,39.87
엑스파워정보통신,39.85
이앤오즈,39.83
창헬스케어,39.83
셀코스,39.81
지우컴퍼니,39.81
에스티선랩,39.8
필아이티,39.8
고우,39.79
아이티네이드,39.79
앤앤에스피,39.79
인포벨리코리아,39.79
세무법인 신승,39.78
지티시스템,39.78
코테크시스템,39.78
대화연료펌프,39.77
하몬소프트,39.77
에코센스,39.76
대신통신기술,39.75
엘리엇,39.75
인텍에프에이,39.75
대양전기공업,39.73
오픈잇,39.73
티에스아이,39.72
한국경제티브이,39.72
한국에스티엘,39.72
금용기계,39.71
디엑스앤브이엑스,39.71
아이디어콘서트,39.71
아이에스티엔,39.71
상상인,39.7
싸이몬,39.7
마티아솔루션,39.69
윈포시스,39.69
제이큐브데이터,39.69
아펙스,39.68
네오소프트뱅크,39.67
비주얼샤워,39.67
앤시정보기술,39.67
극동방송,39.66
보나캠프,39.66
디아이티,39.64
켐토피아,39.64
메티스,39.63
페이게이트,39.63
한국엡손,39.63
에이씨앤티시스템,39.62
에스에이티,39.61
웅진플레이도시,39.61
아마노코리아,39.6
에이엠컨설팅,39.6
한국유투더블유,39.6
해오름인포텍,39.59
내담씨앤씨,39.58
파운트,39.58
유양산전,39.57
델레오코리아,39.56
케이티엔에프,39.56
리코코리아,39.55
베스텔라랩,39.55
비브로스 (B-bros Corporation),39.55
유정시스템,39.55
파츠몰,39.55
가람감정평가법인,39.53
디지비자산운용,39.53
리치빔,39.53
드림네트웍스,39.52
잉카엔트웍스,39.52
성문전자,39.51
모빌씨앤씨,39.49
스필,39.49
한국특허기술진흥원,39.49
맥시우스,39.46
에이시에스,39.46
천조,39.46
파이디지털헬스케어,39.46
동해정보통신,39.44
이커머스테크,39.44
아이엠폼,39.43
지지옥션,39.43
대구디지털산업진흥원,39.42
아이티이지,39.41
이니스트,39.41
조아,39.41
이씨마이너,39.4
더케이교직원나라,39.39
에이치앤프랜즈,39.38
한길씨앤씨,39.38
스마트솔루션즈,39.37
한국사회복지공제회,39.37
티에이나인,39.36
티오이십일,39.34
헤리트,39.34
코아비스,39.32
덕인,39.31
디쌤,39.31
차봇모빌리티,39.31
인성회계법인,39.3
필라웨어,39.29
베가스,39.28
한도,39.28
리눅스데이타시스템,39.27
유니원아이앤씨,39.27
이삭엔지니어링,39.27
준인터,39.24
핀텔,39.24
롯데오토리스,39.23
웰데이타시스템,39.23
아만타,39.22
매스코,39.21
센클라우드,39.21
하나생명보험,39.21
제이씨엔울산중앙방송,39.2
세정아이앤씨,39.19
에니텍시스,39.19
인조이웍스,39.18
디오티스,39.16
에어키,39.15
큐빅테크,39.15
올거나이즈코리아,39.14
씨케이앤비,39.13
한국프라임제약,39.13
엠에스에이치씨,39.12
에스디에이,39.11
에이치케이씨,39.11
제너시스템,39.11
에쓰오씨소프트,39.1
티앤에프글로벌,39.09
켄코아에어로스페이스,39.08
포소드,39.08
노리시스템,39.07
일도엔지니어링,39.07
티랩컨버젼스연구소,39.06
마상소프트,39.05
엣데이터,39.05
와이즈캔,39.05
키엔컴,39.05
모디엠,39.04
에버트러스트정보기술,39.04
퍼브,39.04
한국오피스컴퓨터,39.04
)대한감정평가법인,39.03
한국리스크관리,39.03
딜리버리랩,39.02
아카넷,39.02
엠에스피정보기술,39.02
로코모,39
이팝,38.99
크리젠솔루션,38.99
미래아이엔텍,38.98
스마트푸드네트웍스,38.98
모비루스,38.97
티지에스,38.97
모빌린트,38.96
유니텍,38.96
아이티에스컨버젼스,38.95
동우에이치에스티,38.93
마이에듀,38.93
서울의과학연구소,38.93
소프트아이텍,38.91
은하수산,38.91
이화트론,38.91
피플링크,38.9
갈라랩,38.89
로픽,38.89
유한테크노스,38.89
태광,38.89
메이아이,38.88
에코아이티,38.88
인실리코젠,38.87
동덕정보통신,38.86
비엔피파리바카디프생명보험,38.86
삼정데이타서비스,38.86
원캐스트,38.86
한국전기교통,38.86
셀리지온,38.85
푸디노에프앤디(F&D),38.84
아반소프트,38.83
지아이데이타,38.8
프로토타입,38.79
프리시젼바이오,38.79
한국산텐제약,38.79
자이오넥스,38.74
타임소프트,38.74
아테코,38.71
위트플러스,38.7
메타브레인,38.69
시드아이티,38.69
하이버스,38.69
리치앤타임,38.68
누리인포스,38.67
디디에스,38.67
롤텍,38.67
페이민트,38.67
플로우테크,38.67
세종데이터시스템,38.66
씨에스플러스,38.66
테크밸리,38.66
에스투더블유,38.65
케이디정보기술,38.65
홈캐스트,38.65
휴빌론,38.65
마카롱팩토리,38.64
디지탈씨오에스,38.63
모토닉스,38.63
시노트란스코리아쉬핑,38.63
토모큐브,38.63
브레넥스,38.61
삼일아엔씨,38.61
지티원,38.61
휴템,38.6
범우정보기술,38.59
신세계건설,38.58
다산솔루에타,38.57
위굴리,38.57
이수시스템,38.57
이포넷,38.56
마크베이스,38.55
모비프렌,38.55
쓰리탑,38.55
올리브스톤,38.55
아이비리더스,38.53
의료법인 대아의료재단,38.53
마린웍스,38.52
크로스오버커뮤니케이션,38.52
한성칼라,38.52
올리패스,38.51
크리니티,38.51
넷솔테크,38.5
메이츠소프트,38.5
경동사,38.49
미소테크,38.49
바로네트웍스,38.49
에이티앤에스그룹,38.49
인사커뮤니케이션,38.49
태성전장,38.49
비덴트,38.48
삼영에스앤씨,38.48
엑스투아이,38.47
줌마,38.47
서빅,38.46
오토브레인,38.46
서림테크놀로지,38.45
해강개발,38.45
아이코다,38.42
딥마인드플랫폼,38.41
루트온플러스,38.41
케이앤에스아이앤씨,38.41
뉴빌리티,38.4
포앤비,38.4
블루웨이브컨설팅,38.39
지앤피,38.39
세븐에듀,38.38
아이앤텍,38.38
조아기프트,38.38
투어마케팅코리아,38.37
네이즈,38.36
금호에이치티,38.35
동양정보서비스,38.35
바이텍정보통신,38.35
애플아울렛,38.34
연우,38.34
지앤비패럴랙스교육(,38.34
스콥정보통신,38.33
엠파워시스템,38.33
클러쉬,38.32
유엔파인,38.31
이우소프트,38.3
소프트웨어품질연구소,38.29
차바이오텍,38.29
나눔아이씨티,38.28
다트미디어,38.28
이엠디넷,38.27
제윤,38.27
피닉슨컨트롤스,38.27
덴컴,38.26
에스에프이,38.26
에스티이엔,38.25
올메디쿠스,38.25
네오아이씨피,38.24
비씨월드제약,38.24
유니아나,38.24
숲소리,38.22
엘엑스,38.22
와치텍,38.22
날리지큐브,38.21
라온시큐어,38.21
한국에스리,38.21
휴먼정보기술,38.21
스펙스,38.19
링크,38.18
아리모아,38.18
이노부스트,38.18
아리온통신,38.16
알에스포,38.16
에스씨엘헬스케어,38.16
웹모아,38.16
아이서티,38.15
지앤비아이텍,38.14
블룸즈베리리소시스리미티드,38.13
디투이노베이션,38.12
비츠로셀,38.1
포스트미디어,38.1
굿센,38.09
플루토솔루션,38.08
서울스탠다드,38.06
양재미디어,38.06
윈큐브마케팅,38.05
한싹,38.05
다하미커뮤니케이션,38.04
헬스맥스,38.02
엔솔루션스,38.01
베이넥스,38
엠토스솔루션스,38
인브레인,38
두루안,37.99
씨씨미디어서비스,37.99
유엔터스,37.99
골드앤,37.98
키위플러스,37.97
네스텍,37.96
대성텔레콤,37.96
대한에프에이시스템,37.96
한국대학신문사,37.96
씨에스,37.95
올제텍,37.95
오직,37.94
쏘닉스,37.93
뷰런테크놀로지,37.92
에이콘컴퍼니,37.92
제이엔에스,37.92
가이스트코리아,37.91
디지비데이터시스템,37.91
디에스지엔,37.9
아이큐패드,37.9
엔지스테크널러지,37.9
카티스,37.9
싸이버테크,37.89
지니웍스,37.88
탑아이앤티,37.88
건솔루션,37.87
이지닉스,37.87
트리짓소프트웨어,37.85
호혜,37.85
자모네,37.84
이노아이,37.83
아이티젠,37.81
디텍씨큐리티,37.8
이레테크,37.77
시크릿타운,37.76
정보라인,37.76
경일게임아이티아카데미,37.75
지식시스템,37.75
우방,37.74
한국닛다무아,37.73
시터스,37.72
씨제이포디플렉스,37.72
앤드와이즈,37.72
메디플러스솔루션,37.71
셀파소프트,37.71
엔에스데블,37.71
한맥정보기술,37.71
엘아이지시스템,37.7
코리아엑스퍼트,37.7
투씨에스지,37.7
위드네트웍스,37.69
이노팩토리,37.69
기가바이트테크놀로지,37.68
삼신테크,37.67
고잉컴,37.66
시선아이티,37.66
조웰,37.66
헤즈,37.66
보임테크놀러지,37.65
유씨티,37.65
싸이버시스템,37.64
럭스로보,37.63
써티웨어,37.62
베리타스자산대부,37.61
써니전자,37.61
포엠크리에이티브,37.61
넷커스터마이즈,37.6
유앤피플,37.6
한일오닉스,37.59
위즈코어,37.58
뉴코리아전자통신,37.54
금천씨스템,37.53
헬러코리아,37.53
위드정보,37.52
인터리젠,37.52
두루이디에스,37.49
위즈돔,37.48
미르이즈,37.47
한국비티비,37.47
첨단공간정보,37.46
대신정보기술,37.45
제이케이데이터시스템즈,37.45
프로엔솔루션,37.45
매사,37.44
바이텍씨스템,37.44
싸이웰시스템,37.44
블루스톤익스체인지,37.43
슈퍼솔루션,37.43
지앤원,37.43
동방에스앤디,37.41
동양산업,37.41
제이엔테크놀러지,37.4
아이모션,37.39
엔투원시스템,37.39
비카코리아,37.38
비엠금속,37.37
닥터소프트,37.35
날리지포인트,37.34
디노플러스,37.34
동북아생물다양성연구소,37.33
에스에스비정보기술,37.33
위아코퍼레이션,37.33
하닉스,37.33
아토리서치,37.32
에이치아이티에스,37.32
뉴로메카,37.3
한국해양기상기술,37.28
씨앤피에스,37.27
영신금속공업,37.27
로지스올,37.26
에프앤자산평가,37.25
이노라인,37.23
지씨,37.23
헥토데이터,37.23
레드우드파트너스,37.22
인피아드,37.21
전기공사공제조합,37.21
서번텍,37.2
스마일서브,37.2
아이메디컴,37.19
코어플러스,37.18
코디얼,37.17
휴먼정보,37.17
앤비어스,37.16
올림커뮤니케이션즈,37.16
유니아이텍,37.16
필라테크,37.16
휴앤시스,37.15
글로벌엠이엠,37.14
태광데이터시스템,37.13
테트라,37.13
리코스포츠에이전시,37.12
에스넷아이씨티,37.12
큐로컴,37.12
엠씨씨,37.1
세리정보기술,37.08
스튜디오블룸,37.08
아인스시스템,37.05
인지소프트,37.04
퓨처텍,37.03
신텍정보시스템,37.02
엘디티,37.02
중외정보기술,37.02
투데이게이트,37.02
금보개발,37
다에리소프트,37
파워보이스,37
마이스터정보기술,36.98
하나정보기술,36.96
이디앤씨,36.95
알에이치에스엔씨,36.94
에코브레인,36.94
컨피테크,36.94
하렉스인포텍,36.94
한국히타치,36.93
디리아,36.92
비컴솔루션,36.91
이튜,36.91
케이비전,36.91
쿨사인,36.91
블루웍스,36.9
엘리트렌탈,36.9
에스엠티정보기술,36.86
에스브이에스,36.84
큐앤피플,36.82
에이블정보기술,36.81
필로시스,36.81
나이스디앤비,36.8
베스트디지탈,36.8
오픈에스지,36.79
진주저축은행,36.79
캐디안,36.79
코마스,36.79
이네스닷컴,36.77
태광뉴텍,36.76
아이티언,36.75
이마고웍스,36.75
요다정보기술,36.74
광명통신안전,36.73
호현에프앤씨,36.72
학교법인 동국대학교,36.7
현대아이티,36.7
리딩포인트,36.68
피앰아이,36.68
에프에스솔루션,36.66
세미티에스,36.65
아임클라우드,36.65
인스테크,36.64
메디에이지,36.63
세원아토스,36.63
화이트스캔,36.63
퓨쳐시스템,36.62
위고,36.61
유니북스,36.61
고려아카데미컨설팅,36.6
디지털존,36.6
엔지테크,36.6
형설이엠제이,36.6
빅스데이터,36.59
이에이트,36.59
네오젠소프트,36.58
넷티어시스템즈,36.56
엠엘소프트,36.54
이포즌,36.54
세이디에스,36.53
에니아소프트,36.53
제타럭스시스템,36.53
에프아이티,36.51
유넷시스템,36.51
이노룰스,36.51
케이에스솔루션,36.51
더시스템스코리아,36.49
씨디콤코리아,36.48
아와소프트,36.48
알래스카인디고,36.48
디티앤씨,36.47
에이케이씨,36.46
썸에이지,36.45
아이지,36.45
이노솔루텍,36.45
인터전기,36.45
크래비스,36.45
레디코리아,36.44
버츄얼드림,36.44
솔레오,36.43
아크릴,36.43
현성오토텍,36.43
엔조이소프트,36.42
케이에스씨앤씨(KSC&C Inc.),36.42
파인텍,36.42
신한정밀,36.41
트라콤,36.41
엘앤에스정보기술,36.4
젠트러스트,36.4
텔레컨스,36.4
프라임에듀넷,36.4
알림시스템,36.38
지일,36.37
파인디앤씨,36.37
와이즈케어,36.34
엔에스텍,36.32
로드컴플릿,36.31
사이버이메지네이션,36.31
다원디엔에스,36.3
솔레오코스메틱,36.28
엠투엠글로벌,36.27
휴노테크 경영본부,36.27
라오니스,36.25
아이페이지온,36.24
위드팜,36.24
케이씨티엘,36.23
무역관련지식재산권보호협회,36.22
디에스티인터내셔날,36.21
디지털태인,36.21
한국비즈넷,36.21
아이엠애드리퍼블릭,36.2
영인과학,36.2
다음정보기술,36.18
앤모빌리티,36.18
하이큐시스템,36.18
에이블유컴즈,36.17
언어과학,36.16
브이패스,36.15
레코피스,36.14
엔텔스랩스,36.12
에이시지알,36.11
웨인테크놀로지,36.11
케이엠티엘,36.11
텍트원,36.11
코어인프라,36.1
사이버라인,36.09
웹투인,36.09
유비샘,36.09
케이유엠유한책임회사,36.08
다성테크,36.04
세종기술,36.04
스튜디오갈릴레이,36.04
쓰리뷰,36.04
포지큐브,36.04
씽크엠,36.03
이카플러그,36.01
인터커머스코리아,35.99
선도소프트,35.98
시스템베이스,35.98
리테일테크,35.97
에스에이텍,35.95
엔비레즈,35.95
위버시스템즈,35.95
씨앤디팩토리,35.91
씨앤이정보,35.91
위피아,35.91
메디픽셀,35.9
원투씨엠,35.9
알엠피,35.89
더존테크윌,35.88
에스이에스케이,35.88
알지티,35.86
버텍스아이디,35.85
모아소프트,35.84
알세미,35.83
아이티메이트,35.82
콤위즈,35.82
웰비아닷컴,35.81
위지온,35.8
텔레투게더,35.8
에드원,35.79
위시스,35.78
소프트자이온,35.77
엔씨엘,35.76
퓨텍소프트,35.76
늘엔,35.75
에이원정보기술,35.75
유더블유에스,35.75
핸디커뮤니케이션즈,35.75
미래비즈코리,35.74
이노테크놀로지,35.74
렉터슨,35.72
아이콘소프트,35.72
클리노믹스,35.72
아란타,35.71
스노우파이프,35.7
엔티시스,35.7
효성인포메이션시스템,35.7
코그넷나인,35.69
에스에이치텍,35.68
패스트레인,35.68
세렉스,35.66
스타일쉽,35.65
두베,35.64
미루시스템즈,35.64
인터패스,35.64
온메이커스,35.63
휴민로보틱스,35.63
아세테크,35.62
에이프레임,35.61
제이니스,35.6
삼신,35.59
수학사랑,35.57
앤커웨이브,35.57
현대인프라코어,35.56
나이츠넷,35.52
인정보기술,35.52
프레스토솔루션,35.52
그라비티인터랙티브,35.51
아카라라이프,35.49
에스엠벡셀,35.49
한영시스텍,35.49
엔티엘헬스케어,35.48
퍼즐원스튜디오,35.48
데이타포인트,35.46
아이셋디에이,35.46
쿤텍,35.46
에이지엘,35.44
한시큐리티,35.43
아이캔매니지먼트,35.42
온피아,35.42
이아이피,35.42
하이윌테크놀로지,35.42
나모웹비즈,35.41
매그넷,35.41
스탯앤코,35.4
오토엘,35.4
아이하트,35.39
엠티오메가,35.39
손스에듀,35.38
엔티티코리아솔루션즈,35.38
인포트롤테크놀러지,35.38
하이온넷,35.38
이비웨이브,35.37
벨아이앤에스,35.36
엠아이솔루션,35.36
포디웰컴,35.36
유빅스컴퓨팅,35.35
태영에스엔에스,35.34
테이아,35.34
디플럭스씨앤씨,35.3
메이티,35.28
세종대학교산학협력단,35.27
이너인포,35.27
래트론,35.26
아사히카세이마이크로디바이스코리아,35.26
삼영이엔씨,35.25
성진하이텍,35.25
에이치씨인포,35.24
엘에스씨시스템즈,35.24
네오정보시스템,35.23
브이텍,35.22
아이비젼웍스,35.22
아이앤티시스템,35.22
삼미정보시스템,35.18
핑거포스트,35.18
서경엔씨에스,35.17
지뉴소프트,35.17
듀스펙,35.14
아이티콤,35.12
인피테크,35.11
디텍프론티어,35.1
창소프트아이앤아이,35.09
한국세무사회전산법인,35.09
에어큐브,35.07
한국특강,35.06
오성미디컴,35.05
넥스지오,35.04
핏콜라보,35.04
솔모정보기술,35.03
텔릿와이어리스솔루션즈,35.02
다이쿄니시카와코리아,35
맨텍네트웍스,35
슈빅,34.97
현진아이씨티,34.96
모빅시스템즈,34.95
싸이텍코리아,34.95
씨지에스아이티,34.95
제이티저축은행,34.95
스데반정보,34.93
오에스비저축은행,34.93
크린에이드,34.93
셀빅,34.91
한일단조공업,34.91
비즈앤테크컨설팅,34.89
쉐어마인드,34.88
에듀엔터닷컴,34.88
이씨뱅크,34.88
코아메소드,34.88
글로텍,34.87
용진하이테크,34.87
이베이테크,34.86
리버스아이티,34.85
서울엔지니어링,34.84
블로터앤미디어,34.83
세송아이티,34.83
유엔이,34.83
일신하이텍,34.83
제이앤지시스템,34.83
엑시엄정보시스템,34.82
위드라인,34.82
큐플레이스,34.82
테크빌,34.81
한국케이블텔레콤,34.81
알티올,34.8
쿼리시스템즈,34.79
한스웰,34.79
동훈아이텍,34.77
비아웹,34.77
고우아이티,34.76
오로라파이브,34.76
대연씨앤아이,34.75
모헨즈,34.75
바이오세움,34.74
나루데이타,34.73
아이에스엔솔루션,34.71
제너시스,34.71
코콤텍,34.71
유성계전,34.7
제노솔루션,34.69
굿프린팅,34.68
인디엔피,34.68
큐브코아,34.68
휴앤소프트,34.68
조인스에이치알,34.67
포도,34.66
청주교차로,34.65
지아이테크놀러지,34.64
대한네트웍스,34.63
리얼투데이,34.62
바이오인프라생명과학,34.62
이너텍시스템즈,34.62
모션테크놀로지,34.6
에임투지,34.59
오엔씨네트웍스,34.58
라인테크시스템,34.57
이쓰리,34.57
아데나소프트,34.56
이베이스넷,34.56
모루소프트,34.55
케이엔아이씨,34.55
캐스트프로,34.54
뉴넷정보기술,34.52
신라시스템,34.52
엑사아이엔티,34.52
(재)천주교서울대교구,34.51
네오뮤직,34.49
디앤디기술,34.49
글로벌패시지,34.48
신화씨엔에스,34.48
비바이노베이션,34.47
아임에버,34.45
오투라인,34.45
조광피혁,34.45
이피에스이앤이,34.44
지니프릭스,34.44
뉴윈텍,34.43
에이에프오,34.43
에이트테크,34.42
원포유,34.41
대신네트웍스,34.4
하드커널,34.39
남양에스티엔,34.36
스마틱스,34.36
컴닥터,34.36
미래넷,34.35
태평양해양산업,34.35
프리버,34.34
브이게이트,34.32
씽크포비엘,34.32
유씨에스시스템,34.31
이비즈테크,34.3
경유산업,34.29
삼일감정평가법인,34.29
보이스인,34.28
퓨쳐누리,34.26
우주텔레콤,34.24
이아이랩,34.24
디에스이트레이드,34.21
지2터치,34.19
한라엔컴,34.18
휴피스,34.18
씨앤지마이크로웨이브,34.16
에스엔티,34.16
유비라인,34.16
리비바이오,34.15
에스에이티정보,34.13
요즈마비엠텍,34.13
미소정보기술,34.12
에스이파트너즈,34.11
레이팜코리아,34.1
스페이스톡,34.1
바론시스템,34.09
코바다,34.09
세인인포테크,34.07
풀무원샘물,34.07
한국랜트로비젼,34.07
효성디앤피,34.07
유디,34.05
마인드시스템,34.01
세안홀딩스,34.01
알리엑스,34.01
오토피온,34.01
씽크트리,34
제스프로,34
넥스블루,33.99
인엘씨테크놀러지,33.99
블루칩씨앤에스,33.95
디에스앤텍,33.94
에이씨케이,33.94
청구정보통신,33.93
인트루바인,33.92
인포웍스,33.89
씨큐윈,33.87
넥스모어시스템즈,33.85
코니퍼,33.85
컨트롤에이,33.84
크레디프,33.84
포모컴,33.84
전통,33.83
유인시스,33.82
피앤디아이앤씨,33.81
메인정보시스템,33.8
디오에프연구소,33.77
커머스톤컨설팅,33.75
글로벌소프트,33.72
알티자동화,33.71
우리앤드세은기술,33.71
한국신뢰성기술,33.7
케이씨엠씨,33.69
트리즈엔,33.69
메타네트웍스,33.68
하나시스,33.67
시스트로닉스,33.66
제일솔루텍,33.66
아이지씨인증원,33.64
너우리시스템,33.61
쿠폰트리,33.61
퍼퓸그라피,33.6
디아이커뮤니케이션즈,33.59
로딕스,33.58
휴먼밸런스,33.58
넷츠,33.57
제엠제코,33.57
솔인시스템,33.56
나루아이,33.54
아리엘네트웍스,33.54
일송정보,33.54
와이즈덴,33.53
한국제일,33.52
디큐,33.5
영명소프트,33.49
인프라닉스,33.45
브레인컨설팅,33.44
시큐에버,33.44
씨앤에스솔루션,33.44
이비솔루션즈,33.44
지메이트시스템즈,33.44
한국마이크로시스템,33.44
신흥정보통신,33.42
이텍커스,33.42
코어테크놀로지,33.42
아이브이엠,33.41
다온기술,33.4
인스밸리,33.39
경림이앤지,33.36
다존기술,33.36
늘곁애라이프온,33.35
이레유비크,33.34
이지식스,33.34
옵티멀,33.33
스킨알엑스,33.32
아프로시스,33.32
두울,33.31
코아뱅크,33.31
드림하이테크,33.3
한국코스모,33.28
엠브이텍,33.26
센시리온오토모티브솔루션즈코리아,33.25
코아시스템,33.25
엔시스템즈,33.24
페니로이스,33.24
하이웹솔루션,33.23
씨앤엠소프트,33.21
데이타게이트코리아,33.2
송우산업,33.2
다솜에스앤씨,33.19
이머니,33.19
스프링웍스,33.18
에이치앤엘시스템,33.18
워터월시스템즈,33.18
비에이치에스티,33.16
스크린정보통신,33.16
테크아이,33.16
프로티앤에스,33.14
하이퍼정보,33.12
에티버스이앤엘,33.11
케이솔루션즈,33.11
하나데코,33.11
천명소프트,33.1
유토닉스,33.08
아이앤비넷,33.05
테슬라시스템,33.04
디지아톰,33.02
아이티앤,33.02
에이비씨솔루션,33.02
인포그램,33.02
대길통상,33
파이널데이터,32.99
가연아이앤씨,32.97
씨제이에스,32.97
아톰상사,32.95
펜타린크,32.95
엠에이치엔씨티,32.94
보림,32.92
에이원네트웍스,32.92
지엔에이컴퍼니,32.92
비에이비오커뮤니케이션,32.9
테르텐,32.89
솔루게이트,32.85
에이텔시스텍,32.85
한국비앤에스시스템,32.85
와이즈인포텍,32.84
리안,32.83
레드소프트,32.81
쿨젠,32.81
위딘,32.8
인타운,32.78
닷넷소프트,32.77
소프트닉스,32.74
유스하이텍,32.74
지넥슨,32.74
모바일나인,32.73
네트콤,32.7
일광개발,32.7
티티비,32.7
엔삼,32.69
이맥스,32.69
한스콤정보통신,32.68
농업회사법인포프리,32.67
넥스그리드,32.61
대유넥스티어,32.61
네오에스티엠,32.6
블루사이드,32.58
아이티스정보통신,32.57
지후소프트,32.57
컴픽스,32.54
대우조선해양건설,32.53
전자신문인터넷,32.53
니즈텔레콤,32.52
오션스바이오,32.52
한국아이티,32.51
데이타링크시스템스,32.49
엔투시스,32.49
피앤씨알엠,32.46
바자울정보기술,32.43
에프엠(FM Inc.),32.43
컴이조아,32.42
가온소프트,32.41
에스엘솔루션,32.41
주이스,32.4
디오엔케이,32.39
씨앤비시스템,32.39
담담사무소,32.38
인바이트,32.38
차후,32.38
한일통신,32.38
대흥데이타통신,32.37
바로,32.37
영우디에스피,32.36
온고테크,32.35
유니온플레이스,32.35
인아텍앤코포,32.35
한국헥사곤메트롤로지,32.34
소프트베이스,32.32
피엠그룹코리아,32.31
동명정보기술,32.3
이씨에이시스템,32.29
나라소프트,32.27
아론,32.27
유젠스에스앤씨,32.26
트라이얼정보통신,32.26
리그시스템,32.25
인텔렉추얼디스커버리,32.25
컨텐츠월드,32.25
트인기술,32.25
파익스,32.25
아이페타,32.24
브레인네트웍스,32.23
시스웍,32.23
레이나,32.22
코리아로지스,32.2
동인광학,32.19
비비엠씨,32.19
이노코스텍,32.18
에인트시스템,32.17
에코트로닉스,32.17
코아메타정보,32.17
다모아솔루션,32.16
시온솔루션,32.16
애거슨,32.16
유비씨엔,32.15
코인어스,32.15
킴앤프렌즈,32.14
세인씨앤씨,32.13
서영정밀,32.12
나래나노텍,32.11
레이풀시스템,32.11
얼리소프트,32.11
윌로그,32.11
디비비전,32.1
베텍,32.09
삼성디지컴,32.09
경성시험기,32.08
한국에임,32.06
스마트아이씨티,32.04
이지인터넷,32.03
코아맥스테크놀로지,32.02
한국공정경쟁연합회,32.02
와튼,32
티윈,32
유엔넷,31.98
비즈머스,31.96
디앤웍스,31.95
웰티즌,31.95
한울솔루션,31.95
아네스트코리아,31.94
에이치앤웍스,31.94
엠디에스인텔리전스,31.91
미리비트,31.9
애니스마트,31.9
에이펙스아이티,31.9
원넷정보기술,31.9
에이블컴,31.89
유투오코리아,31.89
유니즌,31.87
휴먼인러브,31.87
이트리즈시스템,31.86
이지코어솔루션즈,31.85
그로윈,31.83
나눔기술,31.83
피디소프트,31.8
한국콩스버그마리타임,31.8
나노아이티,31.79
에스엠투네트웍스,31.77
엑소시스템즈,31.77
레노소프트,31.76
딥인사이트,31.75
크래블,31.75
대한치과위생사협회,31.74
비에네스소프트,31.74
대원메디테크,31.73
아이트럭,31.7
드림와이즈,31.67
인스피언,31.66
메이어스,31.65
시큐어스,31.65
초이스테크놀로지,31.65
비네트,31.62
시앤지원,31.62
에스티이지,31.62
코아소프트,31.6
에이스게이트,31.59
휴먼플러스,31.59
세연아이넷,31.58
아론티어,31.58
녹원정보기술,31.57
지산웨어,31.57
엑시포씨앤에스,31.54
원광대학교산학협력단,31.54
에이취큐텍,31.53
타나,31.53
예우시스템,31.52
대현,31.5
알비에치,31.48
휴엔시스템,31.48
씨엔피테크,31.47
이피언스,31.47
유니와이드,31.46
소프트라인,31.45
아이비데이타,31.45
미니소프트,31.44
오마이어스,31.39
이든비즈텍,31.39
뉴에라리테일,31.32
비큐에이아이,31.32
아이엘케이코리아,31.31
현대지에프홀딩스,31.31
에이전시프로,31.3
네오드림스,31.28
로이테크원,31.28
이씨엘소프트,31.27
애드크림,31.24
라스테크,31.23
키미데이타,31.22
구우정보기술,31.2
메가터치,31.19
솔웨이테크,31.19
위드로봇,31.18
아롬정보기술,31.17
인티게이트,31.16
인소프트,31.14
인천스마트시티,31.13
스피디,31.12
예스씨앤씨,31.1
일주지앤에스,31.08
티시스,31.08
올웨이즈,31.06
익스이노,31.06
유비템즈,31.05
둘리정보통신,31.04
씨커스,31.04
양재아이티,31.04
엔디에스솔루션,31.03
이데아인포,31.02
아셀씨앤아이,31.01
토이스미스,30.99
모닝정보,30.98
월드멀티넷,30.97
지앤넷,30.96
피앤디솔루션,30.96
디이엑스인포,30.95
아이디노,30.94
씨메스,30.92
스마트포트테크놀로지,30.91
효돌,30.9
신화인터텍,30.86
지오플랜,30.86
티밍위즈,30.85
디비웍스,30.83
컨버전스스퀘어,30.82
위즈베라,30.81
아몽솔루션,30.8
코웨이,30.79
파투아,30.79
위지런,30.77
퍼스트어메리칸권원보험,30.76
휴먼씨엔씨,30.75
디에스인포,30.74
스마트게이트,30.73
메가센,30.72
세림티에스지,30.72
천성세이브마트,30.72
비인스텍,30.69
아트정보기술,30.69
대신정기화물자동차,30.68
하이케이넷,30.68
인사이터스,30.66
젠스코리아,30.65
쓰리에이치에스,30.64
아이티트레인,30.63
엑스소프트,30.61
엔지아이테크,30.61
서경방송,30.6
젠트넷정보기술,30.6
클래게임즈,30.59
글로웰시스템,30.56
한국플랫폼서비스기술,30.55
정호티엘씨,30.54
페이머스워커,30.5
라이노정보기술,30.49
리더스텍,30.49
한성아이넷,30.48
미디어채널,30.46
루테스,30.45
피엘앤씨테크놀로지,30.45
청담정보기술,30.44
데이터누리,30.43
이구아나커머스,30.43
라텔앤드파트너즈,30.41
비토플러스,30.41
픽셀,30.39
유씨아이,30.37
넥스가이드,30.36
에이아이세스,30.34
모노얼라이언스,30.33
관동정보통신,30.32
삼광,30.32
테크맥,30.31
누림소프트,30.3
지누스,30.28
엠투커뮤니티,30.27
한국비씨피솔루션즈,30.27
플랙스뉴럴랩스,30.25
아이에스오에스컨설팅,30.24
제이디아이앤에스,30.23
페이누리,30.23
로이츠,30.21
타스코,30.21
에스티씨랩,30.2
한화비전,30.18
이앤에스글로벌,30.15
오벳소프트,30.14
한맥아이피에스,30.14
지플러스,30.13
스톤위즈,30.11
제이피아이 헬스케어,30.09
아이티더블유피피앤에프코리아,30.07
터보소프트,30.06
티엔에이치,30.04
에스디몰,30.03
아이티아이에스,30.02
아이글라스,30.01
아이디벨,30.01
팜피아,30
세인블루텍,29.98
유온아이티,29.98
데이타와이드,29.96
로시스정보기술,29.96
아이시프트,29.96
아이닉스,29.95
에이치엔이노밸리,29.94
지센소프트,29.94
플래닛텍,29.92
지그탑,29.91
랩투마켓,29.88
한국미용데이터,29.86
아이디에스앤트러스트,29.84
코보시스,29.84
엠투클라우드,29.81
브로드씨엔에스,29.78
솔루션링크,29.77
엔비스타,29.77
다쏘,29.76
법무법인(유한)예율,29.76
로터스포트,29.72
노아시스템즈,29.7
앱튜브,29.7
프로토마,29.7
녹수텍스테리어,29.68
스피드정보통신,29.68
이노베스트,29.68
제니드,29.68
미래쏘프트웨어,29.67
바로건설기술,29.66
제이앤에스,29.66
오픈메이드컨설팅,29.65
콘텔라,29.63
한국티비티,29.63
제이엠피시스템,29.59
광인정보통신,29.57
옵토전자,29.57
코어스톤,29.56
엔텀,29.55
나눔정보기술,29.53
킹스정보통신,29.53
아이엠티소프트,29.52
피큐아이넷,29.52
한화엔진,29.52
런치팩,29.51
데이터월드,29.49
라다카,29.49
비앤드알산업자동화,29.49
알피네트웍스,29.47
솔루더스,29.46
애자일소다,29.45
엠쓰리모바일,29.45
아침소프트,29.4
트리시스,29.4
이에스콘트롤스,29.38
디에스멘토링,29.37
포톤,29.37
효성에프엠에스,29.36
지앤아이,29.35
코아네트,29.34
라스커머스,29.33
라이앤캐처스,29.32
원비즈시스템,29.31
올하우,29.3
이비즈타운,29.3
나루씨큐리티,29.27
에이아이트릭스,29.27
인성디지탈,29.25
니트로시스템,29.24
인지이솔루션,29.24
로보플래닛,29.21
농림축산검역본부,29.16
커뮤,29.16
새힘정보기술,29.15
원더정보,29.15
위덱스정보기술,29.14
이노티브아이엔씨,29.12
유니포스,29.11
투비즈테크놀로지,29.1
포스웨이브,29.1
성지정보통신,29.08
솔버아이티,29.08
에프원소프트,29.08
이노스피치,29.08
이웨이브솔루션,29.07
코어메이드,29.07
엘시테크,29.05
엠브이소프텍,29.05
루이디아글로벌,29.04
새마을운동중앙회,29.03
이르테크,29.01
유텔레콤,29
넥스리얼,28.99
베렉스,28.98
서울특별시성동구도시관리공단,28.98
스카이피플,28.98
유비스톰,28.98
티티네트웍스,28.94
신성글로벌네트워크,28.93
아이스톰,28.93
두앤비디자인,28.92
듀얼에스디,28.92
텐큐브,28.92
바오밥테크놀로지,28.91
유호전기공업,28.89
크라이언소프트,28.88
더브리즈,28.87
기창인포텍,28.86
바른인포테크,28.86
애드사운드,28.84
에스제이정보통신,28.83
엔에스아이티,28.83
사이텍스정보기술,28.82
이노소프트기술,28.82
이지텍,28.81
아일리스프런티어,28.8
챔프스터디,28.8
위메프,28.78
시원,28.77
블록체인글로벌,28.76
솔루비스,28.73
유캐스트,28.73
한성자동차,28.73
사트너아이티,28.72
시너젠,28.72
오픈링크시스템,28.72
마이크로이미지,28.69
에스티씨,28.68
프로브디지털,28.68
에이지스비즈니스서포트,28.67
두원냉기,28.66
코리아데이타코퍼레이션,28.65
에이알테크놀로지,28.64
에이디플로우,28.63
큐메이트,28.63
넥스트랩,28.62
넥스트스퀘어,28.62
인콤정보통신,28.62
클라썸,28.59
에이취휴먼테크,28.57
씨엔이,28.52
이노웨이브글로벌,28.52
럭스코,28.51
나누미넷,28.49
우리소프트,28.45
비즈웰,28.44
티볼리씨앤씨,28.42
극동자동화,28.41
미조리장갑,28.37
세아씨엔티,28.35
덱스타,28.33
콤텍피엔씨,28.32
비자림,28.3
브레인즈컴퍼니,28.29
준정보통신,28.29
에이블스토어,28.27
한화컨버전스,28.27
상록아이엔씨,28.23
에이케이아이에스,28.23
소프트와이드시큐리티,28.22
영유통,28.22
콜테크커뮤니케이션,28.21
비볼코리아,28.2
코리아포트원,28.19
아이넷시스템즈,28.18
아이윈백시스템,28.12
월드넷코리아,28.12
두손씨앤아이,28.1
유프러스시스템,28.1
포웨이브소프트,28.07
플레이투게더,28.07
정컴시스템,28.04
엔클라우드,28.02
소프트상상,28
오경컴텍,27.98
님버스네트웍스,27.97
이다시스템,27.97
동양네트워크,27.96
이즈넷,27.96
오버컴테크,27.95
쿠노소프트,27.95
호아소프트,27.95
넷츠플러스,27.94
윈디플랜,27.93
로이스,27.9
코드원,27.9
평화이엔지,27.89
한국비지네스써비스,27.89
세영정보통신,27.85
이노웍스,27.81
에스엠솔루션즈,27.8
에코시스템,27.8
씽크에이티,27.77
대호아이엔티,27.75
케이엠넷,27.72
티엔지소프트,27.72
한기술,27.72
건우통신,27.69
대림인서트산업,27.69
엔지스웨이,27.68
가온정보시스템,27.67
이꼬르,27.64
큐티아이인터내셔날,27.64
뉴케어,27.63
유노비젼,27.61
서울에프에이,27.6
유니스소프트,27.59
진솔아이엔에스,27.56
페르미,27.56
가을디에스,27.55
베이비프렌즈,27.54
모아지오,27.52
더클래스효성,27.51
에이스트,27.51
대성정보기술,27.49
브릿지씨앤씨,27.49
나래디엔에이,27.48
아이네크,27.46
유디엠텍,27.39
스마트어스,27.38
애니시큐어,27.38
미래융합정보기술,27.37
케이씨에스,27.35
쿠바,27.35
고스트패스,27.32
소닉스,27.32
넷틴스,27.31
루텍,27.3
비에이치컨설팅,27.3
에스엠소프트랩,27.26
소너텍,27.24
아이알에스소프트코리아,27.22
앤츠,27.22
하이라인닷넷,27.19
엠아이비,27.15
미르테크,27.14
웹프라자,27.12
넥스젠어쏘시에이트,27.09
메디파나,27.07
스타파이낸셜서비시스,27.06
지엠시스템,27.05
피아이소프트,27.05
엔터인,27.03
에이딘로보틱스,27.02
에이티아이,27.02
동주엔지니어링,27.01
엘시스,27
에스피반도체통신,26.98
백인대장,26.95
누리랩,26.92
낭만상회,26.88
베스티안소프트,26.85
타미마케팅,26.84
한국알박정밀,26.82
인포큐브,26.8
케이탑솔루션,26.8
오쎄,26.77
세이정보기술,26.75
키미디에스,26.74
세기하이텍,26.72
아레스,26.71
클릭앤터치,26.69
동서정보기술,26.67
가리온정보기술,26.66
클라리파이,26.66
한우리아이티,26.61
엔에이치네트웍스,26.59
스패로우,26.58
에스케어,26.55
팝펀딩,26.54
모던웨이브,26.52
에프투시스템,26.48
에스앤비,26.47
넥스트테크놀로지,26.44
페타바이트,26.43
유씨에스,26.33
스마트팩토리,26.27
지에이플러스,26.27
아이앤씨파트너스,26.21
설텍,26.2
성민네트웍스,26.19
세이프텍리서치,26.18
에스엠인스트루먼트,26.17
누리아이티에스,26.14
디지텍코리아,26.14
세일철강,26.14
알투소프트,26.14
에스앤아이시스템즈,26.13
이젬코,26.08
오즈넷코리아,26.03
이누리평생교육원,26.03
미디어솔루션,25.99
아이시스테크놀러지,25.99
비엠티 서울지사,25.98
"리스트 (LIST Co.,L",25.97
오토닉스,25.96
이에스피시스템즈,25.95
제이원,25.94
바롬시스템,25.92
윈컴,25.92
삼표,25.85
서드웨이브,25.85
이비인프라,25.83
이글로벌시스템,25.81
티앤테크,25.79
아이넷뱅크,25.77
케이디아이앤씨,25.74
아크라인소프트,25.71
동진제어기술,25.68
디더블유아이,25.68
법틀,25.68
엠아이티소프트,25.68
아비츠커뮤니케이션즈,25.67
에이텍정보기술,25.65
레이저발테크놀러지,25.64
삼정케이피엠지,25.58
블루비즈넷,25.53
조인어스비즈,25.52
콜넷코리아,25.46
엑스큐어넷,25.41
한국정보보호인식,25.39
위드아이에스,25.38
동연에스엔티,25.33
네이티브바이너리,25.32
디알네트웍스,25.31
새하정보시스템,25.31
서남아이에스,25.31
다난기술,25.3
솔텍시스템,25.28
유피트코리아,25.28
한화갤러리아,25.26
예티소프트,25.25
디지베이스,25.24
엘티케이솔루션,25.23
누리씨앤아이,25.22
리치브라이트,25.19
컴솔텍,25.18
인졀미,25.17
이지시큐어,25.16
포스젠,25.16
토마토파트너,25.11
휴메인시스템,25.09
엠플,25.03
에스비시스템즈,24.98
컴레이저,24.96
코스모티어,24.94
카이토리,24.83
아이네트호스팅,24.81
아이엠알,24.81
글로벌시스템스,24.79
어반데이터랩,24.75
트라이씨클,24.73
데이터엔지니어스랩,24.72
파로스인포,24.72
더비엔아이,24.71
에스앤유비텍,24.7
히즈윌,24.69
제머나이소프트,24.65
에스비티글로벌,24.62
디노바디앤씨,24.57
비앤비,24.55
한미헬스케어,24.54
쿠퍼스시스템즈,24.53
오르페오스토리,24.47
티아이에스,24.45
섬엔지니어링,24.44
디에스앤지,24.43
비엠시스솔루션,24.41
인큐솔루션,24.41
코레이즈,24.4
코워커넷,24.39
엔에스솔루션,24.38
뉴데이소프트,24.36
동방정보통신,24.27
에스오에이텔레콤,24.25
띵크마린,24.24
창덕의료재단,24.2
넷꼬모,24.17
팩앤롤,24.17
유니브리지,24.11
엔지온시스템,24.06
동성네트웍스,24
리틀팍스,24
클릭커뮤니케이션,24
가야데이터,23.99
탑벨정보,23.9
산하,23.89
소프트넷,23.89
테크에이스솔루션,23.89
써밋디자인,23.85
앤아이에스,23.83
이액티브,23.83
지노시스템,23.82
한양정보기술,23.82
디씨티준오,23.8
씨엔비스,23.78
넷클립스,23.71
코리아바큠테크,23.71
캠틱종합기술원,23.68
에이브이피시스템즈,23.58
로뎀테크,23.57
클로비스,23.56
파인웰시스템,23.49
메타지아이에스컨설팅,23.4
마인즈앤컴퍼니,23.39
비섹전자,23.39
석산텔레콤,23.37
에이케이정보통신,23.35
크림솔루션,23.34
온세텔링크,23.31
라온시스템즈,23.24
와이파워원,23.23
에스엔디파워닉스,23.22
이즈파크,23.22
포맥스네트워크,23.21
지오정보기술,23.2
소슬데이타,23.18
엔에스스튜디오,23.16
바이오코아,23.1
레오미디어,22.99
유진아이티,22.96
디노텍,22.91
비즈엔젤,22.91
와디즈플랫품,22.91
위즈브레인,22.87
오르카아이티,22.85
하이피스,22.83
오픈컴,22.81
엑스아이커뮤니케이션즈,22.8
피아스페이스,22.8
지원앤컴,22.78
와이파이브,22.75
티에스엔랩,22.73
오성정보통신,22.71
에피넷,22.68
이씨큐밸리,22.67
라라잡,22.64
모바일타운,22.64
나래인포시스템즈,22.62
아이젠테크,22.57
피앤피컨설팅,22.53
일신시큐리티,22.52
비즈시스템,22.51
포스로직,22.49
피데스,22.43
클레이웍스,22.39
에이치비엠피,22.37
호반스카이밸리,22.28
아이엠그루,22.27
비즈니스서비스그룹,22.21
에이치케이넷츠,22.2
아이콘,22.08
이멕스,22.02
두비스,21.99
인터파크,21.98
구루앤,21.97
서진산전,21.9
유니씨앤,21.89
크레스콤,21.82
갈렙스랩,21.78
싱크테크노,21.74
소프트가든,21.73
핀즐,21.72
오픈마인즈시스템,21.65
원소프트,21.64
하이텍정보시스템,21.64
투썸데이타,21.61
페이스시스템,21.59
케이비드,21.56
마이스소프트,21.53
케이에스엠,21.49
비알랩,21.48
솔루션앤서비스,21.48
삼두정보기술,21.47
두꺼비세상,21.45
인레이저,21.44
엔코아링크,21.43
피플라이프,21.43
캔버스바이오,21.41
열림데이타시스템,21.35
더웹스,21.34
디엑스솔루션즈,21.34
금방산업,21.32
시스템뱅크,21.3
에이티엠플러스,21.29
썬테크노이십일,21.28
라온솔루션,21.27
한신정보,21.16
모아,21.14
에즈웰,21.14
태전약품판매,21.09
가시,21.06
아이티커머스코리아,21.03
지엠피아이티,21.03
제이피컴퍼니,20.98
위에이알,20.97
픽셀허브,20.96
에이치티원,20.92
포인트시스템,20.92
티씨알씨앤엠,20.88
중기닷컴,20.81
아이비센터,20.8
코리아프린테크,20.78
에프엘이에스,20.77
티맥스데이터,20.72
라이너스즈바베큐,20.67
씨앤씨메디팜,20.66
다은소프트,20.65
아모센스,20.62
인터유로,20.58
다민정보산업,20.54
래브라도랩스,20.54
부강스프링,20.53
아이시티정보,20.44
)파이온텍,20.39
씨앤유글로벌,20.35
씨에이에스,20.33
티투엘,20.3
두두원,20.26
라이터스컴퍼니,20.15
로텍스,20.11
블루테크솔루션,20.1
시에라베이스,20.05
케이에스앤에스,19.99
프로덕션고금,19.98
새암정보시스템,19.94
에스원테크,19.93
야디지코리아,19.9
투비아이에스컨설팅,19.79
에스이코리아,19.78
코비그룹,19.78
메가엠디,19.72
이모션글로벌,19.7
대성정보시스템,19.69
라인월드,19.68
퀀텀비트,19.6
씨디데이타,19.58
디지탈온넷,19.49
도울정보기술,19.46
서경시스템,19.45
해브잇올,19.43
이카루스,19.41
서한사,19.39
클릭소프트,19.37
카펜스트리트,19.34
피티씨,19.33
에이엠정보,19.32
링크정보통신,19.24
이클라우드,19.18
페코텍,19.09
호스팅글로벌,18.98
에스디티,18.97
에이엠아이,18.97
모비다임,18.96
솔루피아,18.96
텍스타일아이앤씨,18.9
프론텍,18.89
제트콜,18.88
투비원솔루션즈,18.87
센트비타,18.81
찬율,18.81
클래스메소드코리아,18.79
이프리키아테크놀로지,18.77
스왈라비,18.74
우주피엔씨,18.67
유엠브이기술,18.63
보인테크,18.62
비지트,18.59
와토시스,18.56
인사이트컴퍼니,18.52
트루인테크놀로지스,18.44
인공지능팩토리,18.43
위컴즈,18.39
화신파워텍,18.36
위세아이텍,18.32
지앤비넷,18.22
엑스디엔소프트,18.21
아발론교육,18.2
쎌바이오텍인터내셔날,18.16
태림시스템,18.12
유타스,18.11
명정보기술,18.07
엠제이티,18.07
위플래닛,17.74
한국정보기술,17.73
오션그래픽,17.71
다다소프트,17.66
엔코위더스,17.61
에이치제이매그놀리아용평파인리즈골프앤리조트,17.59
시와소프트,17.49
티이에이,17.42
서윤소프트,17.38
이마트에브리데이,17.36
지소프트,17.31
웹스타일,17.23
웹어람정보,17.17
미래로가는길,17.02
디지카이트,16.98
에이엠피엠글로벌,16.97
잉글리시에그 구리,16.97
티스퀘어,16.96
엔쓰리,16.86
클라트,16.79
더블비미디어,16.74
뉴런아이티,16.73
유비코,16.67
토피도,16.54
코이웨어,16.5
솔닥,16.45
플레이오토,16.39
트레디오,16.38
포우엔지니어링,16.37
보림파워텍,16.34
이노씨앤씨,16.26
시큐어플레어,16.19
오시리스시스템즈,16.17
러닝포인트,16.16
건강누리,15.91
케이엠디엠,15.86
파이낸셜아이큐,15.86
세원계전,15.84
케어인,15.76
아이코어스,15.75
단비플러스에스티에스,15.63
와이즈스톤티,15.61
케이탑시스템,15.61
오리온디스플레이,15.6
씨드앤파트너스,15.52
HDC아이서비스,15.44
아이언밸리,15.26
엔코디,15.25
인터터치,14.95
삼일정보시스템,14.88
임플릿,14.87
위펀,14.85
에스앤에스위즈,14.49
주티지삼보서비스서광주센터,14.44
헬스케어네비,14.42
인피닉,14.24
월드시스템,14.22
휴민텍,14.11
아이엔테크,14.05
리걸테크,14
엠투에이코리아,14
하이젠헬스케어,13.99
휴런트,13.98
명륜2차아이파크아파트,13.87
지경솔루텍,13.67
헤렌드건설,13.62
앵커데이터,13.61
무니스튜디오,13.47
보이저3호,13.45
코코네네,13.43
아이티어,13.23
드림에이스,12.82
크리에이티브할로,12.3
오픈시스템서비스,12.15
채비원,12.07
모지션,11.78
골드스펙터,11.61
아미넷,11.56
페일블루닷스튜디오,11.44
씨엔아이테크,11.34
유앤아이솔루션,11.31
이노베이션팩토리,11.24
하픽스,11.17
뷰온,11.11
엑스퍼트아이엔씨,10.84
28청춘주야간보호센터,10.27
텐빌리언보울스,10.13
비에이치에스,9.01
대경아이티,8.57
퓨쳐테크,8.21
넷아이디,7.94
오르도아이씨티,6.74
누리호스팅,6.65
프리트,6.61
쉬모스랩,5.94
바로팜,5.46
이디소프트,5.43
아이이이에이글로벌캠퍼스이에이국제전형,5.26
고창농촌관광팜팜사업단,4.32
